TimeStep,Trees,Empty,Burning
0,4844,5051,105
1,4708,5099,193
2,4559,5241,200
3,4448,5383,169
4,4346,5487,167
5,4240,5600,160
6,4149,5700,151
7,4086,5774,140
8,4023,5837,140
9,3956,5915,129
10,3914,5972,114
11,3882,6019,99
12,3867,6051,82
13,3852,6081,67
14,3858,6082,60
15,3852,6089,59
16,3870,6077,53
17,3878,6071,51
18,3889,6055,56
19,3897,6050,53
20,3905,6048,47
21,3912,6036,52
22,3920,6028,52
23,3925,6031,44
24,3943,6018,39
25,3980,5988,32
26,4018,5961,21
27,4070,5912,18
28,4117,5865,18
29,4172,5820,8
30,4220,5766,14
31,4270,5715,15
32,4301,5683,16
33,4345,5644,11
34,4380,5607,13
35,4426,5563,11
36,4462,5528,10
37,4499,5488,13
38,4536,5450,14
39,4584,5401,15
40,4620,5365,15
41,4649,5335,16
42,4704,5287,9
43,4748,5247,5
44,4786,5210,4
45,4839,5157,4
46,4889,5107,4
47,4933,5064,3
48,4985,5012,3
49,5036,4959,5
50,5089,4905,6
51,5142,4854,4
52,5189,4806,5
53,5226,4769,5
54,5262,4734,4
55,5314,4681,5
56,5342,4649,9
57,5376,4609,15
58,5411,4576,13
59,5438,4550,12
60,5459,4523,18
61,5509,4477,14
62,5542,4448,10
63,5574,4415,11
64,5602,4384,14
65,5637,4350,13
66,5685,4305,10
67,5705,4278,17
68,5718,4256,26
69,5728,4247,25
70,5743,4226,31
71,5748,4223,29
72,5773,4205,22
73,5796,4177,27
74,5816,4162,22
75,5832,4143,25
76,5849,4136,15
77,5868,4112,20
78,5873,4104,23
79,5910,4074,16
80,5935,4046,19
81,5944,4033,23
82,5959,4017,24
83,5957,4009,34
84,5961,4009,30
85,5958,4001,41
86,5965,4000,35
87,5949,4009,42
88,5941,4014,45
89,5944,4022,34
90,5945,4016,39
91,5936,4020,44
92,5909,4034,57
93,5893,4045,62
94,5861,4067,72
95,5847,4095,58
96,5815,4113,72
97,5786,4149,65
98,5750,4170,80
99,5719,4212,69
100,5681,4248,71
101,5656,4277,67
102,5617,4301,82
103,5580,4341,79
104,5556,4372,72
105,5526,4400,74
106,5505,4428,67
107,5475,4453,72
108,5428,4486,86
109,5385,4538,77
110,5363,4569,68
111,5336,4601,63
112,5319,4612,69
113,5302,4635,63
114,5258,4655,87
115,5211,4700,89
116,5160,4745,95
117,5108,4798,94
118,5058,4840,102
119,5007,4892,101
120,4948,4946,106
121,4911,4999,90
122,4867,5034,99
123,4808,5092,100
124,4752,5137,111
125,4674,5206,120
126,4627,5267,106
127,4571,5319,110
128,4521,5378,101
129,4477,5426,97
130,4439,5466,95
131,4389,5516,95
132,4359,5559,82
133,4334,5587,79
134,4308,5594,98
135,4259,5640,101
136,4217,5679,104
137,4179,5722,99
138,4132,5764,104
139,4079,5819,102
140,4032,5864,104
141,3984,5912,104
142,3921,5955,124
143,3845,6025,130
144,3798,6090,112
145,3747,6146,107
146,3687,6195,118
147,3621,6252,127
148,3569,6304,127
149,3501,6369,130
150,3446,6435,119
151,3406,6487,107
152,3369,6513,118
153,3336,6563,101
154,3326,6589,85
155,3322,6612,66
156,3326,6617,57
157,3343,6620,37
158,3383,6589,28
159,3434,6542,24
160,3485,6508,7
161,3529,6464,7
162,3601,6394,5
163,3660,6335,5
164,3717,6280,3
165,3774,6224,2
166,3833,6166,1
167,3906,6093,1
168,3968,6031,1
169,4032,5967,1
170,4097,5901,2
171,4158,5838,4
172,4213,5787,0
173,4280,5720,0
174,4331,5669,0
175,4387,5613,0
176,4455,5545,0
177,4497,5503,0
178,4556,5444,0
179,4615,5385,0
180,4670,5330,0
181,4731,5269,0
182,4790,5210,0
183,4842,5158,0
184,4898,5102,0
185,4943,5057,0
186,4990,5010,0
187,5042,4958,0
188,5090,4910,0
189,5144,4856,0
190,5191,4809,0
191,5239,4761,0
192,5283,4717,0
193,5329,4671,0
194,5379,4621,0
195,5428,4572,0
196,5474,4526,0
197,5529,4471,0
198,5574,4426,0
199,5616,4384,0
200,5666,4334,0
201,5711,4289,0
202,5745,4255,0
203,5792,4208,0
204,5845,4155,0
205,5882,4118,0
206,5922,4078,0
207,5966,4034,0
208,6012,3988,0
209,6067,3933,0
210,6112,3888,0
211,6148,3852,0
212,6185,3815,0
213,6222,3778,0
214,6267,3733,0
215,6302,3698,0
216,6340,3660,0
217,6370,3630,0
218,6411,3589,0
219,6452,3548,0
220,6494,3506,0
221,6530,3470,0
222,6561,3439,0
223,6600,3400,0
224,6631,3369,0
225,6668,3332,0
226,6703,3297,0
227,6737,3263,0
228,6771,3229,0
229,6807,3193,0
230,6841,3159,0
231,6873,3127,0
232,6904,3096,0
233,6941,3059,0
234,6984,3016,0
235,7017,2983,0
236,7036,2964,0
237,7067,2933,0
238,7094,2906,0
239,7119,2881,0
240,7140,2860,0
241,7173,2827,0
242,7196,2804,0
243,7227,2773,0
244,7258,2742,0
245,7286,2714,0
246,7319,2681,0
247,7361,2639,0
248,7380,2620,0
249,7402,2598,0
250,7429,2571,0
251,7460,2540,0
252,7487,2513,0
253,7510,2490,0
254,7535,2465,0
255,7563,2437,0
256,7591,2409,0
257,7619,2381,0
258,7640,2360,0
259,7661,2339,0
260,7680,2320,0
261,7705,2295,0
262,7726,2274,0
263,7745,2255,0
264,7767,2233,0
265,7791,2209,0
266,7826,2174,0
267,7843,2157,0
268,7866,2134,0
269,7882,2118,0
270,7897,2103,0
271,7914,2086,0
272,7935,2065,0
273,7948,2052,0
274,7963,2037,0
275,7978,2022,0
276,7999,2001,0
277,8024,1976,0
278,8045,1955,0
279,8062,1938,0
280,8086,1914,0
281,8099,1901,0
282,8114,1886,0
283,8128,1872,0
284,8155,1845,0
285,8180,1820,0
286,8197,1803,0
287,8214,1786,0
288,8234,1766,0
289,8253,1747,0
290,8273,1727,0
291,8288,1712,0
292,8304,1696,0
293,8317,1683,0
294,8337,1663,0
295,8349,1651,0
296,8358,1642,0
297,8369,1631,0
298,8388,1612,0
299,8409,1591,0
300,8423,1577,0
301,8435,1565,0
302,8453,1547,0
303,8471,1529,0
304,8483,1517,0
305,8502,1498,0
306,8525,1475,0
307,8537,1463,0
308,8555,1445,0
309,8571,1429,0
310,8581,1419,0
311,8592,1408,0
312,8599,1401,0
313,8614,1386,0
314,8626,1374,0
315,8639,1361,0
316,8655,1345,0
317,8666,1334,0
318,8675,1325,0
319,8685,1315,0
320,8693,1307,0
321,8709,1291,0
322,8718,1282,0
323,8726,1274,0
324,8740,1260,0
325,8752,1248,0
326,8764,1236,0
327,8777,1223,0
328,8794,1206,0
329,8804,1196,0
330,8815,1185,0
331,8824,1176,0
332,8833,1167,0
333,8846,1154,0
334,8857,1143,0
335,8867,1133,0
336,8881,1119,0
337,8893,1107,0
338,8898,1102,0
339,8911,1089,0
340,8920,1080,0
341,8931,1069,0
342,8940,1060,0
343,8953,1047,0
344,8965,1035,0
345,8975,1025,0
346,8989,1011,0
347,9001,999,0
348,9018,982,0
349,9026,974,0
350,9032,968,0
351,9041,959,0
352,9053,947,0
353,9062,938,0
354,9076,924,0
355,9080,920,0
356,9086,914,0
357,9095,905,0
358,9105,895,0
359,9121,879,0
360,9133,867,0
361,9139,861,0
362,9148,852,0
363,9157,843,0
364,9160,840,0
365,9164,836,0
366,9173,827,0
367,9183,817,0
368,9195,805,0
369,9205,795,0
370,9211,789,0
371,9222,778,0
372,9228,772,0
373,9234,766,0
374,9242,758,0
375,9256,744,0
376,9262,738,0
377,9269,731,0
378,9278,722,0
379,9286,714,0
380,9291,709,0
381,9294,706,0
382,9297,703,0
383,9302,698,0
384,9307,693,0
385,9315,685,0
386,9322,678,0
387,9336,664,0
388,9341,659,0
389,9350,650,0
390,9352,648,0
391,9360,640,0
392,9372,628,0
393,9380,620,0
394,9386,614,0
395,9395,605,0
396,9397,603,0
397,9399,601,0
398,9407,593,0
399,9416,584,0
400,9421,579,0
401,9431,569,0
402,9440,560,0
403,9446,554,0
404,9452,548,0
405,9459,541,0
406,9463,537,0
407,9470,530,0
408,9475,525,0
409,9481,519,0
410,9485,515,0
411,9493,507,0
412,9501,499,0
413,9508,492,0
414,9514,486,0
415,9522,478,0
416,9524,476,0
417,9528,472,0
418,9531,469,0
419,9531,469,0
420,9536,464,0
421,9542,458,0
422,9546,454,0
423,9553,447,0
424,9564,436,0
425,9571,429,0
426,9573,427,0
427,9576,424,0
428,9582,418,0
429,9587,413,0
430,9589,411,0
431,9593,407,0
432,9599,401,0
433,9605,395,0
434,9612,388,0
435,9617,383,0
436,9621,379,0
437,9623,377,0
438,9629,371,0
439,9632,368,0
440,9635,365,0
441,9639,361,0
442,9644,356,0
443,9650,350,0
444,9653,347,0
445,9654,346,0
446,9661,339,0
447,9661,339,0
448,9664,336,0
449,9667,333,0
450,9672,328,0
451,9678,322,0
452,9679,321,0
453,9680,320,0
454,9684,316,0
455,9688,312,0
456,9688,312,0
457,9691,309,0
458,9694,306,0
459,9696,304,0
460,9700,300,0
461,9702,298,0
462,9703,297,0
463,9709,291,0
464,9714,286,0
465,9715,285,0
466,9721,279,0
467,9724,276,0
468,9725,275,0
469,9729,271,0
470,9731,269,0
471,9734,266,0
472,9737,263,0
473,9739,261,0
474,9743,257,0
475,9746,254,0
476,9749,251,0
477,9751,249,0
478,9755,245,0
479,9757,243,0
480,9758,242,0
481,9763,237,0
482,9764,236,0
483,9768,232,0
484,9773,227,0
485,9773,227,0
486,9776,224,0
487,9777,223,0
488,9783,217,0
489,9784,216,0
490,9786,214,0
491,9788,212,0
492,9792,208,0
493,9794,206,0
494,9794,206,0
495,9798,202,0
496,9800,200,0
497,9803,197,0
498,9804,196,0
499,9804,196,0
0,4902,4998,100
1,4768,5047,185
2,4626,5171,203
3,4455,5329,216
4,4308,5494,198
5,4201,5640,159
6,4109,5750,141
7,4051,5827,122
8,4015,5876,109
9,3975,5927,98
10,3948,5972,80
11,3917,5989,94
12,3889,6034,77
13,3898,6031,71
14,3891,6046,63
15,3906,6039,55
16,3915,6041,44
17,3934,6025,41
18,3948,6008,44
19,3959,6004,37
20,3995,5965,40
21,4021,5948,31
22,4043,5930,27
23,4079,5898,23
24,4113,5872,15
25,4140,5841,19
26,4178,5810,12
27,4229,5757,14
28,4277,5712,11
29,4311,5677,12
30,4351,5638,11
31,4399,5589,12
32,4456,5540,4
33,4501,5493,6
34,4560,5437,3
35,4616,5378,6
36,4676,5319,5
37,4730,5265,5
38,4765,5228,7
39,4822,5172,6
40,4860,5133,7
41,4911,5081,8
42,4958,5040,2
43,4996,5003,1
44,5049,4948,3
45,5093,4905,2
46,5134,4863,3
47,5191,4807,2
48,5231,4764,5
49,5272,4723,5
50,5308,4686,6
51,5350,4641,9
52,5386,4605,9
53,5419,4564,17
54,5452,4535,13
55,5480,4508,12
56,5517,4469,14
57,5545,4445,10
58,5576,4414,10
59,5611,4381,8
60,5627,4363,10
61,5651,4335,14
62,5688,4307,5
63,5721,4271,8
64,5739,4250,11
65,5762,4231,7
66,5794,4199,7
67,5815,4175,10
68,5840,4148,12
69,5869,4124,7
70,5894,4093,13
71,5914,4076,10
72,5941,4048,11
73,5968,4023,9
74,6004,3991,5
75,6042,3953,5
76,6082,3914,4
77,6110,3883,7
78,6133,3864,3
79,6171,3827,2
80,6210,3790,0
81,6260,3740,0
82,6292,3708,0
83,6324,3676,0
84,6363,3637,0
85,6398,3602,0
86,6435,3565,0
87,6477,3523,0
88,6509,3491,0
89,6547,3453,0
90,6578,3422,0
91,6612,3388,0
92,6643,3357,0
93,6676,3324,0
94,6706,3294,0
95,6740,3260,0
96,6766,3234,0
97,6801,3199,0
98,6824,3176,0
99,6862,3138,0
100,6897,3103,0
101,6925,3075,0
102,6951,3049,0
103,6983,3017,0
104,7008,2992,0
105,7036,2964,0
106,7065,2935,0
107,7091,2909,0
108,7113,2887,0
109,7133,2867,0
110,7162,2838,0
111,7190,2810,0
112,7226,2774,0
113,7260,2740,0
114,7289,2711,0
115,7314,2686,0
116,7334,2666,0
117,7365,2635,0
118,7398,2602,0
119,7417,2583,0
120,7441,2559,0
121,7464,2536,0
122,7490,2510,0
123,7510,2490,0
124,7529,2471,0
125,7554,2446,0
126,7573,2427,0
127,7592,2408,0
128,7608,2392,0
129,7630,2370,0
130,7649,2351,0
131,7665,2335,0
132,7691,2309,0
133,7714,2286,0
134,7733,2267,0
135,7747,2253,0
136,7766,2234,0
137,7787,2213,0
138,7809,2191,0
139,7839,2161,0
140,7858,2142,0
141,7885,2115,0
142,7912,2088,0
143,7935,2065,0
144,7954,2046,0
145,7977,2023,0
146,7996,2004,0
147,8011,1989,0
148,8035,1965,0
149,8057,1943,0
150,8080,1920,0
151,8094,1906,0
152,8116,1884,0
153,8134,1866,0
154,8154,1846,0
155,8172,1828,0
156,8193,1807,0
157,8211,1789,0
158,8237,1763,0
159,8250,1750,0
160,8261,1739,0
161,8279,1721,0
162,8293,1707,0
163,8307,1693,0
164,8321,1679,0
165,8338,1662,0
166,8349,1651,0
167,8368,1632,0
168,8382,1618,0
169,8398,1602,0
170,8410,1590,0
171,8428,1572,0
172,8446,1554,0
173,8461,1539,0
174,8476,1524,0
175,8494,1506,0
176,8508,1492,0
177,8526,1474,0
178,8543,1457,0
179,8560,1440,0
180,8579,1421,0
181,8597,1403,0
182,8607,1393,0
183,8619,1381,0
184,8632,1368,0
185,8653,1347,0
186,8664,1336,0
187,8675,1325,0
188,8688,1312,0
189,8705,1295,0
190,8722,1278,0
191,8731,1269,0
192,8740,1260,0
193,8751,1249,0
194,8764,1236,0
195,8771,1229,0
196,8782,1218,0
197,8797,1203,0
198,8806,1194,0
199,8818,1182,0
200,8832,1168,0
201,8847,1153,0
202,8858,1142,0
203,8869,1131,0
204,8881,1119,0
205,8891,1109,0
206,8904,1096,0
207,8915,1085,0
208,8928,1072,0
209,8935,1065,0
210,8952,1048,0
211,8963,1037,0
212,8971,1029,0
213,8983,1017,0
214,8991,1009,0
215,9005,995,0
216,9014,986,0
217,9023,977,0
218,9037,963,0
219,9045,955,0
220,9053,947,0
221,9062,938,0
222,9067,933,0
223,9078,922,0
224,9084,916,0
225,9092,908,0
226,9096,904,0
227,9103,897,0
228,9117,883,0
229,9125,875,0
230,9132,868,0
231,9137,863,0
232,9149,851,0
233,9157,843,0
234,9165,835,0
235,9169,831,0
236,9178,822,0
237,9186,814,0
238,9194,806,0
239,9196,804,0
240,9209,791,0
241,9214,786,0
242,9216,784,0
243,9226,774,0
244,9233,767,0
245,9238,762,0
246,9246,754,0
247,9254,746,0
248,9262,738,0
249,9269,731,0
250,9278,722,0
251,9284,716,0
252,9292,708,0
253,9302,698,0
254,9308,692,0
255,9314,686,0
256,9318,682,0
257,9324,676,0
258,9333,667,0
259,9339,661,0
260,9343,657,0
261,9346,654,0
262,9350,650,0
263,9356,644,0
264,9359,641,0
265,9364,636,0
266,9375,625,0
267,9382,618,0
268,9387,613,0
269,9395,605,0
270,9401,599,0
271,9406,594,0
272,9414,586,0
273,9423,577,0
274,9431,569,0
275,9441,559,0
276,9445,555,0
277,9450,550,0
278,9454,546,0
279,9458,542,0
280,9461,539,0
281,9468,532,0
282,9479,521,0
283,9484,516,0
284,9491,509,0
285,9495,505,0
286,9500,500,0
287,9508,492,0
288,9515,485,0
289,9521,479,0
290,9524,476,0
291,9528,472,0
292,9534,466,0
293,9539,461,0
294,9544,456,0
295,9545,455,0
296,9553,447,0
297,9559,441,0
298,9562,438,0
299,9567,433,0
300,9574,426,0
301,9579,421,0
302,9588,412,0
303,9592,408,0
304,9594,406,0
305,9595,405,0
306,9600,400,0
307,9605,395,0
308,9610,390,0
309,9612,388,0
310,9616,384,0
311,9619,381,0
312,9619,381,0
313,9623,377,0
314,9628,372,0
315,9631,369,0
316,9636,364,0
317,9639,361,0
318,9641,359,0
319,9643,357,0
320,9644,356,0
321,9648,352,0
322,9650,350,0
323,9657,343,0
324,9663,337,0
325,9665,335,0
326,9671,329,0
327,9676,324,0
328,9678,322,0
329,9680,320,0
330,9684,316,0
331,9687,313,0
332,9690,310,0
333,9691,309,0
334,9691,309,0
335,9695,305,0
336,9695,305,0
337,9697,303,0
338,9701,299,0
339,9703,297,0
340,9709,291,0
341,9711,289,0
342,9712,288,0
343,9716,284,0
344,9719,281,0
345,9723,277,0
346,9725,275,0
347,9731,269,0
348,9732,268,0
349,9734,266,0
350,9736,264,0
351,9738,262,0
352,9738,262,0
353,9739,261,0
354,9740,260,0
355,9744,256,0
356,9748,252,0
357,9750,250,0
358,9752,248,0
359,9753,247,0
360,9753,247,0
361,9756,244,0
362,9758,242,0
363,9763,237,0
364,9765,235,0
365,9766,234,0
366,9766,234,0
367,9768,232,0
368,9771,229,0
369,9773,227,0
370,9773,227,0
371,9776,224,0
372,9776,224,0
373,9779,221,0
374,9780,220,0
375,9781,219,0
376,9782,218,0
377,9785,215,0
378,9788,212,0
379,9790,210,0
380,9792,208,0
381,9793,207,0
382,9796,204,0
383,9798,202,0
384,9800,200,0
385,9802,198,0
386,9807,193,0
387,9812,188,0
388,9814,186,0
389,9816,184,0
390,9816,184,0
391,9818,182,0
392,9819,181,0
393,9822,178,0
394,9825,175,0
395,9826,174,0
396,9826,174,0
397,9828,172,0
398,9830,170,0
399,9831,169,0
400,9833,167,0
401,9834,166,0
402,9840,160,0
403,9842,158,0
404,9843,157,0
405,9845,155,0
406,9845,155,0
407,9847,153,0
408,9850,150,0
409,9850,150,0
410,9854,146,0
411,9854,146,0
412,9859,141,0
413,9860,140,0
414,9860,140,0
415,9861,139,0
416,9863,137,0
417,9864,136,0
418,9867,133,0
419,9868,132,0
420,9869,131,0
421,9869,131,0
422,9869,131,0
423,9869,131,0
424,9870,130,0
425,9872,128,0
426,9877,123,0
427,9879,121,0
428,9881,119,0
429,9884,116,0
430,9885,115,0
431,9887,113,0
432,9887,113,0
433,9888,112,0
434,9888,112,0
435,9891,109,0
436,9892,108,0
437,9893,107,0
438,9894,106,0
439,9895,105,0
440,9896,104,0
441,9897,103,0
442,9899,101,0
443,9903,97,0
444,9905,95,0
445,9905,95,0
446,9905,95,0
447,9906,94,0
448,9907,93,0
449,9908,92,0
450,9908,92,0
451,9910,90,0
452,9910,90,0
453,9912,88,0
454,9912,88,0
455,9915,85,0
456,9916,84,0
457,9916,84,0
458,9917,83,0
459,9918,82,0
460,9918,82,0
461,9918,82,0
462,9919,81,0
463,9920,80,0
464,9920,80,0
465,9920,80,0
466,9922,78,0
467,9922,78,0
468,9923,77,0
469,9923,77,0
470,9924,76,0
471,9925,75,0
472,9926,74,0
473,9927,73,0
474,9929,71,0
475,9930,70,0
476,9932,68,0
477,9932,68,0
478,9932,68,0
479,9933,67,0
480,9933,67,0
481,9934,66,0
482,9937,63,0
483,9937,63,0
484,9938,62,0
485,9938,62,0
486,9939,61,0
487,9939,61,0
488,9940,60,0
489,9940,60,0
490,9940,60,0
491,9941,59,0
492,9941,59,0
493,9942,58,0
494,9943,57,0
495,9943,57,0
496,9943,57,0
497,9944,56,0
498,9944,56,0
499,9944,56,0
0,4946,4956,98
1,4820,4990,190
2,4680,5128,192
3,4548,5263,189
4,4406,5391,203
5,4308,5534,158
6,4190,5653,157
7,4112,5755,133
8,4047,5837,116
9,3983,5899,118
10,3931,5953,116
11,3882,6015,103
12,3840,6073,87
13,3840,6090,70
14,3821,6100,79
15,3794,6125,81
16,3772,6152,76
17,3775,6161,64
18,3757,6181,62
19,3769,6179,52
20,3787,6165,48
21,3803,6147,50
22,3838,6123,39
23,3865,6095,40
24,3885,6081,34
25,3912,6057,31
26,3944,6027,29
27,3969,6000,31
28,3984,5982,34
29,3999,5963,38
30,4012,5958,30
31,4029,5937,34
32,4057,5912,31
33,4098,5876,26
34,4142,5831,27
35,4165,5805,30
36,4205,5764,31
37,4251,5716,33
38,4290,5687,23
39,4328,5651,21
40,4370,5617,13
41,4402,5584,14
42,4454,5538,8
43,4499,5493,8
44,4551,5438,11
45,4592,5400,8
46,4641,5354,5
47,4694,5301,5
48,4733,5262,5
49,4789,5205,6
50,4837,5153,10
51,4879,5115,6
52,4923,5069,8
53,4965,5030,5
54,5013,4984,3
55,5061,4934,5
56,5106,4887,7
57,5143,4845,12
58,5187,4801,12
59,5229,4762,9
60,5262,4724,14
61,5291,4693,16
62,5326,4660,14
63,5373,4618,9
64,5396,4598,6
65,5443,4554,3
66,5480,4514,6
67,5517,4477,6
68,5537,4456,7
69,5579,4412,9
70,5616,4376,8
71,5653,4335,12
72,5689,4302,9
73,5714,4272,14
74,5740,4253,7
75,5759,4224,17
76,5794,4194,12
77,5820,4165,15
78,5841,4140,19
79,5878,4112,10
80,5908,4078,14
81,5945,4049,6
82,5967,4026,7
83,5999,3992,9
84,6026,3966,8
85,6054,3939,7
86,6092,3906,2
87,6130,3865,5
88,6167,3828,5
89,6192,3802,6
90,6227,3769,4
91,6247,3745,8
92,6270,3721,9
93,6298,3693,9
94,6326,3661,13
95,6333,3651,16
96,6340,3640,20
97,6351,3632,17
98,6357,3619,24
99,6368,3607,25
100,6371,3600,29
101,6376,3600,24
102,6385,3591,24
103,6407,3564,29
104,6418,3556,26
105,6425,3548,27
106,6433,3536,31
107,6429,3528,43
108,6421,3541,38
109,6404,3556,40
110,6398,3560,42
111,6374,3573,53
112,6355,3591,54
113,6326,3609,65
114,6307,3644,49
115,6307,3640,53
116,6284,3663,53
117,6271,3679,50
118,6217,3701,82
119,6168,3745,87
120,6123,3791,86
121,6082,3841,77
122,6034,3882,84
123,5959,3935,106
124,5890,3995,115
125,5833,4060,107
126,5765,4128,107
127,5667,4206,127
128,5599,4290,111
129,5526,4358,116
130,5434,4436,130
131,5353,4518,129
132,5262,4607,131
133,5198,4681,121
134,5129,4747,124
135,5057,4813,130
136,4959,4898,143
137,4863,4996,141
138,4756,5087,157
139,4678,5186,136
140,4587,5265,148
141,4494,5365,141
142,4390,5452,158
143,4304,5549,147
144,4216,5641,143
145,4130,5735,135
146,4059,5805,136
147,3954,5884,162
148,3853,5999,148
149,3768,6093,139
150,3680,6155,165
151,3588,6258,154
152,3512,6339,149
153,3454,6432,114
154,3405,6485,110
155,3348,6526,126
156,3304,6567,129
157,3255,6632,113
158,3231,6658,111
159,3192,6700,108
160,3144,6756,100
161,3103,6800,97
162,3085,6833,82
163,3080,6857,63
164,3088,6850,62
165,3131,6837,32
166,3175,6804,21
167,3208,6773,19
168,3250,6734,16
169,3317,6670,13
170,3375,6619,6
171,3432,6564,4
172,3499,6498,3
173,3549,6447,4
174,3619,6375,6
175,3684,6312,4
176,3742,6252,6
177,3807,6187,6
178,3857,6136,7
179,3911,6085,4
180,3958,6041,1
181,4028,5971,1
182,4092,5908,0
183,4157,5843,0
184,4227,5773,0
185,4281,5719,0
186,4343,5657,0
187,4394,5606,0
188,4449,5551,0
189,4519,5481,0
190,4574,5426,0
191,4620,5380,0
192,4672,5328,0
193,4727,5273,0
194,4774,5226,0
195,4818,5182,0
196,4867,5133,0
197,4911,5089,0
198,4959,5041,0
199,5016,4984,0
200,5070,4930,0
201,5112,4888,0
202,5150,4850,0
203,5197,4803,0
204,5235,4765,0
205,5272,4728,0
206,5323,4677,0
207,5372,4628,0
208,5415,4585,0
209,5454,4546,0
210,5492,4508,0
211,5539,4461,0
212,5579,4421,0
213,5620,4380,0
214,5661,4339,0
215,5705,4295,0
216,5740,4260,0
217,5789,4211,0
218,5830,4170,0
219,5874,4126,0
220,5908,4092,0
221,5938,4062,0
222,5979,4021,0
223,6020,3980,0
224,6054,3946,0
225,6090,3910,0
226,6141,3859,0
227,6171,3829,0
228,6203,3797,0
229,6241,3759,0
230,6272,3728,0
231,6319,3681,0
232,6359,3641,0
233,6397,3603,0
234,6430,3570,0
235,6459,3541,0
236,6503,3497,0
237,6537,3463,0
238,6570,3430,0
239,6604,3396,0
240,6633,3367,0
241,6669,3331,0
242,6711,3289,0
243,6746,3254,0
244,6769,3231,0
245,6803,3197,0
246,6830,3170,0
247,6869,3131,0
248,6908,3092,0
249,6939,3061,0
250,6963,3037,0
251,6994,3006,0
252,7029,2971,0
253,7057,2943,0
254,7088,2912,0
255,7121,2879,0
256,7153,2847,0
257,7174,2826,0
258,7193,2807,0
259,7213,2787,0
260,7242,2758,0
261,7269,2731,0
262,7299,2701,0
263,7327,2673,0
264,7358,2642,0
265,7384,2616,0
266,7412,2588,0
267,7440,2560,0
268,7467,2533,0
269,7488,2512,0
270,7514,2486,0
271,7537,2463,0
272,7569,2431,0
273,7595,2405,0
274,7624,2376,0
275,7643,2357,0
276,7661,2339,0
277,7683,2317,0
278,7711,2289,0
279,7740,2260,0
280,7764,2236,0
281,7782,2218,0
282,7802,2198,0
283,7818,2182,0
284,7841,2159,0
285,7863,2137,0
286,7889,2111,0
287,7904,2096,0
288,7922,2078,0
289,7954,2046,0
290,7982,2018,0
291,7998,2002,0
292,8021,1979,0
293,8035,1965,0
294,8053,1947,0
295,8072,1928,0
296,8084,1916,0
297,8104,1896,0
298,8130,1870,0
299,8145,1855,0
300,8161,1839,0
301,8188,1812,0
302,8212,1788,0
303,8224,1776,0
304,8240,1760,0
305,8259,1741,0
306,8268,1732,0
307,8282,1718,0
308,8289,1711,0
309,8308,1692,0
310,8325,1675,0
311,8339,1661,0
312,8356,1644,0
313,8385,1615,0
314,8398,1602,0
315,8416,1584,0
316,8432,1568,0
317,8446,1554,0
318,8465,1535,0
319,8481,1519,0
320,8492,1508,0
321,8510,1490,0
322,8525,1475,0
323,8538,1462,0
324,8547,1453,0
325,8552,1448,0
326,8562,1438,0
327,8576,1424,0
328,8586,1414,0
329,8602,1398,0
330,8620,1380,0
331,8632,1368,0
332,8639,1361,0
333,8650,1350,0
334,8671,1329,0
335,8682,1318,0
336,8692,1308,0
337,8704,1296,0
338,8720,1280,0
339,8732,1268,0
340,8743,1257,0
341,8754,1246,0
342,8765,1235,0
343,8773,1227,0
344,8786,1214,0
345,8798,1202,0
346,8807,1193,0
347,8818,1182,0
348,8826,1174,0
349,8837,1163,0
350,8851,1149,0
351,8855,1145,0
352,8864,1136,0
353,8871,1129,0
354,8877,1123,0
355,8891,1109,0
356,8896,1104,0
357,8904,1096,0
358,8915,1085,0
359,8923,1077,0
360,8930,1070,0
361,8949,1051,0
362,8960,1040,0
363,8976,1024,0
364,8985,1015,0
365,8999,1001,0
366,9011,989,0
367,9022,978,0
368,9033,967,0
369,9045,955,0
370,9053,947,0
371,9062,938,0
372,9068,932,0
373,9074,926,0
374,9081,919,0
375,9088,912,0
376,9098,902,0
377,9105,895,0
378,9116,884,0
379,9124,876,0
380,9135,865,0
381,9142,858,0
382,9146,854,0
383,9153,847,0
384,9161,839,0
385,9171,829,0
386,9180,820,0
387,9185,815,0
388,9195,805,0
389,9210,790,0
390,9219,781,0
391,9227,773,0
392,9232,768,0
393,9236,764,0
394,9243,757,0
395,9259,741,0
396,9267,733,0
397,9272,728,0
398,9277,723,0
399,9283,717,0
400,9286,714,0
401,9290,710,0
402,9296,704,0
403,9303,697,0
404,9307,693,0
405,9323,677,0
406,9328,672,0
407,9334,666,0
408,9335,665,0
409,9341,659,0
410,9352,648,0
411,9359,641,0
412,9366,634,0
413,9372,628,0
414,9378,622,0
415,9386,614,0
416,9393,607,0
417,9399,601,0
418,9402,598,0
419,9415,585,0
420,9422,578,0
421,9426,574,0
422,9434,566,0
423,9438,562,0
424,9442,558,0
425,9449,551,0
426,9458,542,0
427,9466,534,0
428,9468,532,0
429,9475,525,0
430,9480,520,0
431,9483,517,0
432,9487,513,0
433,9492,508,0
434,9494,506,0
435,9499,501,0
436,9503,497,0
437,9512,488,0
438,9513,487,0
439,9517,483,0
440,9521,479,0
441,9524,476,0
442,9529,471,0
443,9532,468,0
444,9539,461,0
445,9543,457,0
446,9547,453,0
447,9555,445,0
448,9559,441,0
449,9562,438,0
450,9566,434,0
451,9568,432,0
452,9571,429,0
453,9574,426,0
454,9577,423,0
455,9579,421,0
456,9586,414,0
457,9591,409,0
458,9598,402,0
459,9602,398,0
460,9607,393,0
461,9608,392,0
462,9612,388,0
463,9617,383,0
464,9618,382,0
465,9622,378,0
466,9626,374,0
467,9627,373,0
468,9632,368,0
469,9633,367,0
470,9636,364,0
471,9641,359,0
472,9647,353,0
473,9651,349,0
474,9656,344,0
475,9663,337,0
476,9664,336,0
477,9668,332,0
478,9670,330,0
479,9674,326,0
480,9677,323,0
481,9678,322,0
482,9682,318,0
483,9683,317,0
484,9686,314,0
485,9690,310,0
486,9693,307,0
487,9695,305,0
488,9701,299,0
489,9702,298,0
490,9705,295,0
491,9707,293,0
492,9710,290,0
493,9713,287,0
494,9716,284,0
495,9716,284,0
496,9720,280,0
497,9722,278,0
498,9726,274,0
499,9729,271,0
0,4828,5064,108
1,4665,5118,217
2,4493,5278,229
3,4314,5452,234
4,4151,5637,212
5,4041,5782,177
6,3942,5892,166
7,3865,5991,144
8,3811,6066,123
9,3771,6134,95
10,3751,6176,73
11,3766,6177,57
12,3766,6183,51
13,3762,6184,54
14,3785,6175,40
15,3791,6161,48
16,3831,6136,33
17,3851,6109,40
18,3897,6081,22
19,3924,6049,27
20,3955,6015,30
21,3983,5991,26
22,4028,5950,22
23,4064,5920,16
24,4095,5888,17
25,4139,5847,14
26,4176,5812,12
27,4223,5768,9
28,4267,5727,6
29,4325,5668,7
30,4366,5626,8
31,4410,5579,11
32,4449,5541,10
33,4499,5491,10
34,4548,5446,6
35,4591,5402,7
36,4644,5350,6
37,4699,5295,6
38,4737,5253,10
39,4787,5206,7
40,4827,5167,6
41,4866,5128,6
42,4920,5076,4
43,4960,5037,3
44,5010,4988,2
45,5067,4931,2
46,5112,4888,0
47,5151,4849,0
48,5196,4804,0
49,5248,4752,0
50,5312,4688,0
51,5364,4636,0
52,5403,4597,0
53,5449,4551,0
54,5494,4506,0
55,5543,4457,0
56,5584,4416,0
57,5632,4368,0
58,5677,4323,0
59,5725,4275,0
60,5774,4226,0
61,5818,4182,0
62,5859,4141,0
63,5905,4095,0
64,5945,4055,0
65,5988,4012,0
66,6028,3972,0
67,6073,3927,0
68,6114,3886,0
69,6150,3850,0
70,6180,3820,0
71,6222,3778,0
72,6258,3742,0
73,6296,3704,0
74,6338,3662,0
75,6362,3638,0
76,6408,3592,0
77,6448,3552,0
78,6484,3516,0
79,6507,3493,0
80,6542,3458,0
81,6572,3428,0
82,6602,3398,0
83,6636,3364,0
84,6670,3330,0
85,6712,3288,0
86,6744,3256,0
87,6774,3226,0
88,6805,3195,0
89,6841,3159,0
90,6875,3125,0
91,6911,3089,0
92,6945,3055,0
93,6967,3033,0
94,6992,3008,0
95,7015,2985,0
96,7033,2967,0
97,7062,2938,0
98,7089,2911,0
99,7122,2878,0
100,7153,2847,0
101,7181,2819,0
102,7214,2786,0
103,7240,2760,0
104,7270,2730,0
105,7302,2698,0
106,7339,2661,0
107,7358,2642,0
108,7376,2624,0
109,7398,2602,0
110,7432,2568,0
111,7455,2545,0
112,7475,2525,0
113,7499,2501,0
114,7520,2480,0
115,7541,2459,0
116,7561,2439,0
117,7596,2404,0
118,7620,2380,0
119,7643,2357,0
120,7669,2331,0
121,7691,2309,0
122,7716,2284,0
123,7736,2264,0
124,7758,2242,0
125,7787,2213,0
126,7816,2184,0
127,7841,2159,0
128,7858,2142,0
129,7878,2122,0
130,7898,2102,0
131,7922,2078,0
132,7947,2053,0
133,7966,2034,0
134,7983,2017,0
135,7996,2004,0
136,8015,1985,0
137,8039,1961,0
138,8056,1944,0
139,8082,1918,0
140,8104,1896,0
141,8121,1879,0
142,8136,1864,0
143,8159,1841,0
144,8179,1821,0
145,8199,1801,0
146,8216,1784,0
147,8229,1771,0
148,8252,1748,0
149,8271,1729,0
150,8283,1717,0
151,8300,1700,0
152,8313,1687,0
153,8326,1674,0
154,8332,1668,0
155,8350,1650,0
156,8366,1634,0
157,8383,1617,0
158,8401,1599,0
159,8420,1580,0
160,8430,1570,0
161,8446,1554,0
162,8467,1533,0
163,8482,1518,0
164,8497,1503,0
165,8511,1489,0
166,8526,1474,0
167,8540,1460,0
168,8554,1446,0
169,8569,1431,0
170,8588,1412,0
171,8601,1399,0
172,8610,1390,0
173,8622,1378,0
174,8632,1368,0
175,8639,1361,0
176,8653,1347,0
177,8671,1329,0
178,8690,1310,0
179,8699,1301,0
180,8710,1290,0
181,8718,1282,0
182,8729,1271,0
183,8755,1245,0
184,8765,1235,0
185,8782,1218,0
186,8794,1206,0
187,8807,1193,0
188,8816,1184,0
189,8825,1175,0
190,8835,1165,0
191,8841,1159,0
192,8852,1148,0
193,8860,1140,0
194,8876,1124,0
195,8890,1110,0
196,8906,1094,0
197,8926,1074,0
198,8937,1063,0
199,8944,1056,0
200,8955,1045,0
201,8962,1038,0
202,8969,1031,0
203,8982,1018,0
204,8996,1004,0
205,9001,999,0
206,9014,986,0
207,9025,975,0
208,9037,963,0
209,9045,955,0
210,9052,948,0
211,9062,938,0
212,9070,930,0
213,9079,921,0
214,9092,908,0
215,9106,894,0
216,9118,882,0
217,9126,874,0
218,9137,863,0
219,9146,854,0
220,9154,846,0
221,9171,829,0
222,9176,824,0
223,9186,814,0
224,9198,802,0
225,9206,794,0
226,9213,787,0
227,9219,781,0
228,9229,771,0
229,9236,764,0
230,9243,757,0
231,9247,753,0
232,9254,746,0
233,9260,740,0
234,9271,729,0
235,9278,722,0
236,9285,715,0
237,9297,703,0
238,9303,697,0
239,9310,690,0
240,9327,673,0
241,9331,669,0
242,9337,663,0
243,9345,655,0
244,9352,648,0
245,9357,643,0
246,9368,632,0
247,9375,625,0
248,9381,619,0
249,9384,616,0
250,9387,613,0
251,9394,606,0
252,9400,600,0
253,9406,594,0
254,9410,590,0
255,9414,586,0
256,9421,579,0
257,9428,572,0
258,9432,568,0
259,9435,565,0
260,9443,557,0
261,9453,547,0
262,9457,543,0
263,9465,535,0
264,9475,525,0
265,9480,520,0
266,9483,517,0
267,9490,510,0
268,9498,502,0
269,9503,497,0
270,9510,490,0
271,9515,485,0
272,9518,482,0
273,9524,476,0
274,9529,471,0
275,9535,465,0
276,9540,460,0
277,9543,457,0
278,9545,455,0
279,9548,452,0
280,9550,450,0
281,9555,445,0
282,9560,440,0
283,9561,439,0
284,9569,431,0
285,9573,427,0
286,9576,424,0
287,9582,418,0
288,9587,413,0
289,9593,407,0
290,9595,405,0
291,9599,401,0
292,9603,397,0
293,9606,394,0
294,9606,394,0
295,9611,389,0
296,9613,387,0
297,9615,385,0
298,9615,385,0
299,9616,384,0
300,9618,382,0
301,9623,377,0
302,9625,375,0
303,9630,370,0
304,9633,367,0
305,9635,365,0
306,9637,363,0
307,9640,360,0
308,9641,359,0
309,9645,355,0
310,9648,352,0
311,9650,350,0
312,9656,344,0
313,9661,339,0
314,9662,338,0
315,9663,337,0
316,9667,333,0
317,9669,331,0
318,9670,330,0
319,9670,330,0
320,9672,328,0
321,9675,325,0
322,9676,324,0
323,9681,319,0
324,9687,313,0
325,9689,311,0
326,9694,306,0
327,9695,305,0
328,9699,301,0
329,9702,298,0
330,9705,295,0
331,9711,289,0
332,9715,285,0
333,9718,282,0
334,9723,277,0
335,9724,276,0
336,9724,276,0
337,9725,275,0
338,9727,273,0
339,9729,271,0
340,9732,268,0
341,9732,268,0
342,9732,268,0
343,9734,266,0
344,9735,265,0
345,9735,265,0
346,9735,265,0
347,9739,261,0
348,9742,258,0
349,9743,257,0
350,9745,255,0
351,9747,253,0
352,9749,251,0
353,9750,250,0
354,9755,245,0
355,9757,243,0
356,9758,242,0
357,9762,238,0
358,9764,236,0
359,9765,235,0
360,9770,230,0
361,9772,228,0
362,9774,226,0
363,9776,224,0
364,9777,223,0
365,9781,219,0
366,9785,215,0
367,9787,213,0
368,9787,213,0
369,9789,211,0
370,9789,211,0
371,9791,209,0
372,9794,206,0
373,9795,205,0
374,9796,204,0
375,9799,201,0
376,9804,196,0
377,9807,193,0
378,9807,193,0
379,9809,191,0
380,9809,191,0
381,9812,188,0
382,9814,186,0
383,9815,185,0
384,9815,185,0
385,9819,181,0
386,9821,179,0
387,9821,179,0
388,9822,178,0
389,9824,176,0
390,9824,176,0
391,9825,175,0
392,9828,172,0
393,9829,171,0
394,9831,169,0
395,9837,163,0
396,9839,161,0
397,9841,159,0
398,9841,159,0
399,9841,159,0
400,9844,156,0
401,9847,153,0
402,9849,151,0
403,9850,150,0
404,9851,149,0
405,9855,145,0
406,9857,143,0
407,9858,142,0
408,9862,138,0
409,9863,137,0
410,9865,135,0
411,9867,133,0
412,9868,132,0
413,9869,131,0
414,9869,131,0
415,9869,131,0
416,9870,130,0
417,9870,130,0
418,9870,130,0
419,9871,129,0
420,9872,128,0
421,9872,128,0
422,9873,127,0
423,9874,126,0
424,9875,125,0
425,9877,123,0
426,9878,122,0
427,9879,121,0
428,9880,120,0
429,9882,118,0
430,9882,118,0
431,9883,117,0
432,9883,117,0
433,9883,117,0
434,9884,116,0
435,9884,116,0
436,9887,113,0
437,9888,112,0
438,9889,111,0
439,9889,111,0
440,9889,111,0
441,9892,108,0
442,9893,107,0
443,9894,106,0
444,9897,103,0
445,9898,102,0
446,9898,102,0
447,9900,100,0
448,9902,98,0
449,9902,98,0
450,9903,97,0
451,9903,97,0
452,9906,94,0
453,9906,94,0
454,9909,91,0
455,9910,90,0
456,9913,87,0
457,9915,85,0
458,9915,85,0
459,9915,85,0
460,9915,85,0
461,9915,85,0
462,9915,85,0
463,9915,85,0
464,9917,83,0
465,9917,83,0
466,9919,81,0
467,9920,80,0
468,9920,80,0
469,9921,79,0
470,9922,78,0
471,9924,76,0
472,9925,75,0
473,9925,75,0
474,9926,74,0
475,9927,73,0
476,9929,71,0
477,9929,71,0
478,9930,70,0
479,9931,69,0
480,9931,69,0
481,9931,69,0
482,9931,69,0
483,9932,68,0
484,9932,68,0
485,9932,68,0
486,9932,68,0
487,9934,66,0
488,9935,65,0
489,9936,64,0
490,9936,64,0
491,9937,63,0
492,9940,60,0
493,9940,60,0
494,9940,60,0
495,9940,60,0
496,9941,59,0
497,9941,59,0
498,9942,58,0
499,9942,58,0
0,122907,124608,2485
1,119391,125878,4731
2,115439,129333,5228
3,111606,133268,5126
4,108260,137036,4704
5,105441,140343,4216
6,103210,143048,3742
7,101248,145390,3362
8,99779,147282,2939
9,98762,148677,2561
10,98094,149724,2182
11,97557,150483,1960
12,97255,150975,1770
13,97209,151201,1590
14,97375,151222,1403
15,97590,151071,1339
16,97909,150893,1198
17,98346,150593,1061
18,98887,150133,980
19,99612,149534,854
20,100323,148922,755
21,101141,148144,715
22,101948,147425,627
23,102809,146605,586
24,103759,145740,501
25,104670,144887,443
26,105664,143929,407
27,106744,142848,408
28,107824,141795,381
29,108916,140713,371
30,110061,139615,324
31,111091,138597,312
32,112205,137486,309
33,113265,136422,313
34,114363,135343,294
35,115504,134216,280
36,116552,133154,294
37,117619,132110,271
38,118622,131101,277
39,119736,129994,270
40,120721,129001,278
41,121759,127991,250
42,122744,126981,275
43,123779,125971,250
44,124881,124899,220
45,125935,123821,244
46,126847,122922,231
47,127864,121922,214
48,128877,120905,218
49,129871,119912,217
50,130813,118961,226
51,131766,118031,203
52,132754,117046,200
53,133709,116098,193
54,134611,115183,206
55,135599,114209,192
56,136566,113250,184
57,137485,112330,185
58,138419,111399,182
59,139299,110506,195
60,140215,109601,184
61,141127,108693,180
62,141984,107836,180
63,142867,106963,170
64,143760,106068,172
65,144645,105207,148
66,145491,104354,155
67,146349,103469,182
68,147178,102651,171
69,148071,101749,180
70,148944,100885,171
71,149808,100028,164
72,150655,99179,166
73,151352,98475,173
74,152127,97669,204
75,152847,96928,225
76,153575,96182,243
77,154264,95458,278
78,154902,94806,292
79,155623,94117,260
80,156294,93430,276
81,156971,92743,286
82,157547,92128,325
83,158141,91509,350
84,158696,90967,337
85,159237,90405,358
86,159778,89842,380
87,160286,89345,369
88,160746,88878,376
89,161208,88382,410
90,161669,87930,401
91,162147,87423,430
92,162627,86947,426
93,163017,86529,454
94,163451,86081,468
95,163850,85689,461
96,164201,85320,479
97,164535,84970,495
98,164884,84655,461
99,165226,84284,490
100,165576,83908,516
101,165861,83613,526
102,166114,83314,572
103,166357,83067,576
104,166570,82834,596
105,166778,82586,636
106,166990,82386,624
107,167065,82243,692
108,167097,82135,768
109,167167,82027,806
110,167129,82028,843
111,167005,82115,880
112,166891,82159,950
113,166756,82283,961
114,166575,82411,1014
115,166305,82645,1050
116,166015,82926,1059
117,165791,83163,1046
118,165564,83334,1102
119,165185,83597,1218
120,164800,83976,1224
121,164390,84348,1262
122,163990,84756,1254
123,163516,85123,1361
124,162898,85628,1474
125,162256,86224,1520
126,161594,86834,1572
127,160766,87564,1670
128,159948,88360,1692
129,159153,89153,1694
130,158285,89948,1767
131,157326,90843,1831
132,156404,91776,1820
133,155443,92675,1882
134,154385,93677,1938
135,153326,94700,1974
136,152161,95695,2144
137,151025,96871,2104
138,149794,98021,2185
139,148612,99190,2198
140,147281,100442,2277
141,146021,101710,2269
142,144706,102940,2354
143,143385,104277,2338
144,142088,105566,2346
145,140827,106786,2387
146,139466,108103,2431
147,138051,109492,2457
148,136741,110828,2431
149,135362,112181,2457
150,133954,113537,2509
151,132605,114951,2444
152,131238,116246,2516
153,129791,117684,2525
154,128445,118986,2569
155,127057,120373,2570
156,125668,121771,2561
157,124297,123125,2578
158,123014,124472,2514
159,121657,125708,2635
160,120410,127058,2532
161,119183,128327,2490
162,118068,129530,2402
163,116894,130686,2420
164,115787,131810,2403
165,114814,132847,2339
166,113817,133834,2349
167,112919,134817,2264
168,112033,135762,2205
169,111261,136596,2143
170,110569,137406,2025
171,109922,138075,2003
172,109225,138780,1995
173,108645,139395,1960
174,108183,139926,1891
175,107651,140441,1908
176,107200,140961,1839
177,106741,141388,1871
178,106322,141853,1825
179,105923,142271,1806
180,105553,142616,1831
181,105097,143063,1840
182,104738,143442,1820
183,104415,143761,1824
184,104069,144156,1775
185,103811,144476,1713
186,103527,144752,1721
187,103245,145072,1683
188,103012,145283,1705
189,102784,145589,1627
190,102647,145759,1594
191,102469,145957,1574
192,102564,145990,1446
193,102538,146052,1410
194,102683,146001,1316
195,102895,145826,1279
196,103036,145681,1283
197,103250,145538,1212
198,103616,145256,1128
199,104013,144929,1058
200,104416,144538,1046
201,104865,144123,1012
202,105336,143749,915
203,105923,143232,845
204,106536,142667,797
205,107236,141998,766
206,107922,141371,707
207,108742,140640,618
208,109601,139830,569
209,110359,139073,568
210,111255,138256,489
211,112163,137419,418
212,113167,136458,375
213,114183,135492,325
214,115145,134539,316
215,116195,133548,257
216,117271,132483,246
217,118416,131354,230
218,119494,130278,228
219,120606,129184,210
220,121682,128130,188
221,122717,127097,186
222,123785,126026,189
223,124829,125003,168
224,125905,123908,187
225,126997,122817,186
226,128012,121792,196
227,128972,120822,206
228,129920,119886,194
229,130981,118834,185
230,131984,117814,202
231,132924,116862,214
232,133893,115898,209
233,134898,114903,199
234,135845,113964,191
235,136777,113038,185
236,137708,112105,187
237,138692,111125,183
238,139577,110230,193
239,140479,109324,197
240,141396,108391,213
241,142279,107513,208
242,143161,106650,189
243,144042,105773,185
244,144839,104961,200
245,145642,104137,221
246,146488,103303,209
247,147292,102469,239
248,148037,101747,216
249,148878,100923,199
250,149665,100109,226
251,150471,99305,224
252,151241,98524,235
253,152006,97764,230
254,152734,97017,249
255,153450,96287,263
256,154168,95565,267
257,154841,94889,270
258,155508,94222,270
259,156135,93595,270
260,156781,92960,259
261,157438,92298,264
262,158075,91635,290
263,158691,91019,290
264,159337,90394,269
265,159970,89758,272
266,160564,89117,319
267,161090,88575,335
268,161632,88017,351
269,162202,87445,353
270,162700,86920,380
271,163209,86388,403
272,163623,85957,420
273,164039,85521,440
274,164430,85088,482
275,164777,84738,485
276,165184,84337,479
277,165494,83993,513
278,165886,83616,498
279,166180,83296,524
280,166494,82985,521
281,166791,82650,559
282,166988,82362,650
283,167208,82119,673
284,167296,81980,724
285,167308,81927,765
286,167363,81867,770
287,167437,81764,799
288,167443,81746,811
289,167463,81736,801
290,167386,81724,890
291,167299,81810,891
292,167243,81883,874
293,167123,81946,931
294,167003,82033,964
295,166772,82219,1009
296,166463,82402,1135
297,166099,82738,1163
298,165830,83012,1158
299,165517,83362,1121
300,165188,83699,1113
301,164816,83996,1188
302,164450,84374,1176
303,164153,84707,1140
304,163856,84999,1145
305,163534,85319,1147
306,163197,85597,1206
307,162759,85941,1300
308,162343,86367,1290
309,161941,86765,1294
310,161579,87128,1293
311,161187,87530,1283
312,160797,87919,1284
313,160419,88329,1252
314,159971,88674,1355
315,159425,89156,1419
316,158895,89716,1389
317,158430,90165,1405
318,157944,90672,1384
319,157484,91171,1345
320,157031,91576,1393
321,156601,92037,1362
322,156145,92477,1378
323,155553,92981,1466
324,155050,93492,1458
325,154511,94023,1466
326,154000,94527,1473
327,153504,95033,1463
328,153051,95512,1437
329,152513,96001,1486
330,152057,96522,1421
331,151496,96986,1518
332,150959,97539,1502
333,150410,98076,1514
334,149864,98586,1550
335,149268,99130,1602
336,148733,99766,1501
337,148271,100273,1456
338,147644,100787,1569
339,146981,101368,1651
340,146421,101982,1597
341,145770,102578,1652
342,145080,103233,1687
343,144401,103906,1693
344,143798,104576,1626
345,143217,105191,1592
346,142610,105768,1622
347,142000,106337,1663
348,141380,106997,1623
349,140685,107536,1779
350,140022,108275,1703
351,139349,108938,1713
352,138764,109516,1720
353,138069,110140,1791
354,137309,110906,1785
355,136623,111627,1750
356,136058,112193,1749
357,135385,112854,1761
358,134809,113453,1738
359,134194,114059,1747
360,133614,114686,1700
361,133150,115240,1610
362,132782,115642,1576
363,132333,116027,1640
364,131910,116489,1601
365,131494,116881,1625
366,131058,117318,1624
367,130543,117781,1676
368,130067,118294,1639
369,129760,118670,1570
370,129310,119062,1628
371,128862,119497,1641
372,128465,119920,1615
373,128124,120318,1558
374,127831,120655,1514
375,127475,120990,1535
376,127204,121332,1464
377,126906,121645,1449
378,126712,121903,1385
379,126608,122034,1358
380,126417,122183,1400
381,126209,122373,1418
382,126021,122564,1415
383,125863,122760,1377
384,125759,122829,1412
385,125622,123021,1357
386,125417,123174,1409
387,125279,123395,1326
388,125222,123461,1317
389,125193,123591,1216
390,125206,123589,1205
391,125232,123611,1157
392,125350,123491,1159
393,125438,123380,1182
394,125464,123394,1142
395,125579,123260,1161
396,125696,123207,1097
397,125800,123077,1123
398,125856,122993,1151
399,125994,122914,1092
400,126138,122809,1053
401,126346,122617,1037
402,126569,122390,1041
403,126768,122195,1037
404,127007,121986,1007
405,127335,121696,969
406,127511,121494,995
407,127709,121284,1007
408,127937,121087,976
409,128182,120834,984
410,128508,120555,937
411,128806,120325,869
412,129132,119954,914
413,129392,119724,884
414,129620,119444,936
415,130024,119121,855
416,130395,118759,846
417,130752,118406,842
418,131166,118053,781
419,131497,117710,793
420,131890,117305,805
421,132353,116898,749
422,132715,116521,764
423,133122,116102,776
424,133558,115710,732
425,133964,115323,713
426,134341,114879,780
427,134665,114543,792
428,134979,114201,820
429,135347,113867,786
430,135733,113543,724
431,136133,113159,708
432,136575,112763,662
433,137001,112310,689
434,137510,111830,660
435,138020,111332,648
436,138535,110831,634
437,138994,110357,649
438,139438,109922,640
439,139908,109440,652
440,140365,108974,661
441,140797,108573,630
442,141365,108031,604
443,141913,107450,637
444,142317,107020,663
445,142804,106596,600
446,143252,106162,586
447,143815,105656,529
448,144322,105119,559
449,144813,104637,550
450,145311,104154,535
451,145805,103629,566
452,146239,103185,576
453,146657,102759,584
454,147115,102308,577
455,147534,101900,566
456,147907,101530,563
457,148304,101095,601
458,148702,100738,560
459,149114,100306,580
460,149535,99861,604
461,149943,99482,575
462,150412,99037,551
463,150840,98601,559
464,151272,98155,573
465,151676,97742,582
466,152031,97346,623
467,152367,96996,637
468,152676,96691,633
469,152890,96398,712
470,153176,96112,712
471,153369,95877,754
472,153591,95671,738
473,153741,95484,775
474,153890,95343,767
475,154102,95134,764
476,154276,94942,782
477,154405,94817,778
478,154546,94637,817
479,154557,94547,896
480,154621,94522,857
481,154830,94322,848
482,154925,94212,863
483,154976,94149,875
484,155006,94140,854
485,154997,94102,901
486,155059,94032,909
487,155059,94025,916
488,155079,93978,943
489,155127,93963,910
490,155142,93965,893
491,155172,93901,927
492,155128,93909,963
493,155085,93919,996
494,155016,93994,990
495,155035,94046,919
496,155202,93894,904
497,155317,93831,852
498,155493,93661,846
499,155510,93627,863
0,122350,125174,2476
1,118954,126402,4644
2,115146,129779,5075
3,111563,133558,4879
4,108439,137080,4481
5,105847,140230,3923
6,103791,142742,3467
7,102156,144751,3093
8,100803,146437,2760
9,99741,147756,2503
10,99014,148790,2196
11,98516,149486,1998
12,98094,150075,1831
13,97941,150439,1620
14,98007,150574,1419
15,98222,150492,1286
16,98514,150269,1217
17,98917,150005,1078
18,99380,149622,998
19,99924,149124,952
20,100606,148533,861
21,101278,147923,799
22,101941,147324,735
23,102738,146613,649
24,103617,145782,601
25,104544,144875,581
26,105435,144016,549
27,106381,143098,521
28,107357,142176,467
29,108287,141264,449
30,109250,140323,427
31,110304,139319,377
32,111397,138273,330
33,112532,137177,291
34,113494,136241,265
35,114649,135113,238
36,115744,134020,236
37,116870,132896,234
38,117945,131811,244
39,119012,130763,225
40,120101,129679,220
41,121173,128596,231
42,122268,127509,223
43,123368,126425,207
44,124434,125324,242
45,125419,124330,251
46,126390,123366,244
47,127366,122369,265
48,128348,121384,268
49,129309,120446,245
50,130342,119406,252
51,131347,118419,234
52,132269,117499,232
53,133183,116558,259
54,134089,115648,263
55,134955,114787,258
56,135899,113820,281
57,136735,112974,291
58,137602,112117,281
59,138467,111277,256
60,139317,110425,258
61,140132,109630,238
62,140963,108785,252
63,141779,107939,282
64,142612,107127,261
65,143369,106333,298
66,144153,105581,266
67,144960,104772,268
68,145775,103970,255
69,146580,103179,241
70,147307,102436,257
71,148113,101618,269
72,148877,100871,252
73,149551,100177,272
74,150283,99435,282
75,151015,98706,279
76,151837,97887,276
77,152531,97175,294
78,153220,96446,334
79,153813,95823,364
80,154404,95230,366
81,154983,94646,371
82,155492,94059,449
83,155994,93575,431
84,156467,93091,442
85,156895,92617,488
86,157316,92157,527
87,157669,91796,535
88,158041,91419,540
89,158416,91019,565
90,158732,90690,578
91,159076,90354,570
92,159351,90054,595
93,159699,89722,579
94,159995,89443,562
95,160363,89099,538
96,160704,88743,553
97,161072,88387,541
98,161360,88091,549
99,161729,87710,561
100,161969,87484,547
101,162281,87140,579
102,162557,86820,623
103,162783,86540,677
104,162990,86285,725
105,163050,86181,769
106,163099,86089,812
107,163128,86021,851
108,163093,86023,884
109,163069,86023,908
110,162986,86061,953
111,162856,86172,972
112,162691,86288,1021
113,162536,86452,1012
114,162395,86574,1031
115,162213,86690,1097
116,161985,86911,1104
117,161729,87087,1184
118,161370,87410,1220
119,161016,87758,1226
120,160664,88136,1200
121,160270,88470,1260
122,159807,88881,1312
123,159315,89329,1356
124,158880,89748,1372
125,158359,90213,1428
126,157693,90756,1551
127,157114,91348,1538
128,156419,91948,1633
129,155674,92663,1663
130,154931,93340,1729
131,154090,94177,1733
132,153225,94952,1823
133,152318,95851,1831
134,151374,96701,1925
135,150342,97694,1964
136,149376,98636,1988
137,148376,99613,2011
138,147353,100635,2012
139,146388,101583,2029
140,145329,102634,2037
141,144343,103607,2050
142,143333,104620,2047
143,142231,105601,2168
144,141154,106709,2137
145,139967,107822,2211
146,138737,108968,2295
147,137434,110180,2386
148,136153,111423,2424
149,134891,112724,2385
150,133533,114014,2453
151,132318,115324,2358
152,131031,116592,2377
153,129801,117815,2384
154,128555,119055,2390
155,127292,120291,2417
156,126085,121478,2437
157,124864,122698,2438
158,123622,123942,2436
159,122430,125153,2417
160,121254,126352,2394
161,120186,127448,2366
162,119163,128480,2357
163,118115,129541,2344
164,117103,130592,2305
165,116129,131649,2222
166,115092,132570,2338
167,114132,133572,2296
168,113213,134521,2266
169,112348,135416,2236
170,111453,136279,2268
171,110618,137144,2238
172,109791,137974,2235
173,108923,138857,2220
174,108059,139711,2230
175,107278,140566,2156
176,106673,141275,2052
177,106028,142004,1968
178,105477,142564,1959
179,105011,143103,1886
180,104626,143612,1762
181,104312,143931,1757
182,103987,144259,1754
183,103726,144556,1718
184,103501,144897,1602
185,103357,145105,1538
186,103376,145185,1439
187,103343,145196,1461
188,103432,145170,1398
189,103532,145142,1326
190,103678,144997,1325
191,103860,144867,1273
192,104133,144674,1193
193,104450,144369,1181
194,104807,144076,1117
195,105026,143825,1149
196,105330,143589,1081
197,105787,143187,1026
198,106193,142761,1046
199,106560,142402,1038
200,106967,142031,1002
201,107521,141536,943
202,107957,141093,950
203,108455,140645,900
204,108936,140210,854
205,109493,139632,875
206,109951,139145,904
207,110548,138626,826
208,111207,138069,724
209,111836,137429,735
210,112584,136769,647
211,113267,136100,633
212,113958,135382,660
213,114673,134656,671
214,115372,134002,626
215,116087,133313,600
216,116848,132591,561
217,117640,131821,539
218,118351,131075,574
219,119116,130322,562
220,119871,129594,535
221,120588,128896,516
222,121385,128106,509
223,122142,127353,505
224,122875,126578,547
225,123599,125860,541
226,124286,125172,542
227,125034,124448,518
228,125721,123782,497
229,126484,123019,497
230,127214,122320,466
231,128007,121531,462
232,128748,120736,516
233,129420,120044,536
234,130097,119378,525
235,130787,118704,509
236,131452,118024,524
237,132110,117370,520
238,132804,116660,536
239,133450,116018,532
240,134032,115449,519
241,134689,114839,472
242,135294,114212,494
243,135951,113517,532
244,136505,112934,561
245,137092,112339,569
246,137538,111819,643
247,138091,111280,629
248,138560,110802,638
249,138983,110367,650
250,139352,109975,673
251,139730,109595,675
252,140200,109100,700
253,140624,108670,706
254,140977,108323,700
255,141437,107904,659
256,141789,107499,712
257,142209,107080,711
258,142510,106751,739
259,142843,106397,760
260,143165,106115,720
261,143485,105771,744
262,143778,105485,737
263,144019,105166,815
264,144186,104982,832
265,144347,104741,912
266,144493,104616,891
267,144654,104456,890
268,144739,104334,927
269,144762,104293,945
270,144835,104221,944
271,144944,104116,940
272,145064,104015,921
273,145139,103915,946
274,145273,103779,948
275,145300,103713,987
276,145392,103619,989
277,145379,103600,1021
278,145345,103628,1027
279,145334,103624,1042
280,145306,103626,1068
281,145203,103652,1145
282,145076,103760,1164
283,144838,103931,1231
284,144624,104155,1221
285,144517,104270,1213
286,144308,104460,1232
287,144077,104658,1265
288,143791,104879,1330
289,143464,105165,1371
290,143012,105521,1467
291,142582,105943,1475
292,142166,106352,1482
293,141652,106804,1544
294,141142,107301,1557
295,140595,107790,1615
296,140060,108315,1625
297,139563,108841,1596
298,138944,109398,1658
299,138381,109923,1696
300,137838,110490,1672
301,137313,111066,1621
302,136720,111586,1694
303,136171,112147,1682
304,135657,112652,1691
305,135048,113195,1757
306,134414,113790,1796
307,133763,114453,1784
308,133111,115064,1825
309,132370,115731,1899
310,131664,116455,1881
311,130964,117177,1859
312,130248,117842,1910
313,129608,118518,1874
314,128888,119238,1874
315,128251,119945,1804
316,127635,120552,1813
317,126997,121123,1880
318,126440,121770,1790
319,125742,122399,1859
320,125161,123004,1835
321,124532,123624,1844
322,124011,124157,1832
323,123299,124838,1863
324,122638,125419,1943
325,122028,126104,1868
326,121465,126654,1881
327,120771,127284,1945
328,120147,127937,1916
329,119490,128619,1891
330,118926,129232,1842
331,118506,129739,1755
332,117956,130193,1851
333,117420,130746,1834
334,116968,131301,1731
335,116480,131720,1800
336,116002,132189,1809
337,115478,132705,1817
338,114921,133257,1822
339,114494,133754,1752
340,114117,134173,1710
341,113817,134503,1680
342,113626,134849,1525
343,113453,135058,1489
344,113364,135137,1499
345,113258,135302,1440
346,113190,135446,1364
347,113230,135450,1320
348,113226,135462,1312
349,113363,135414,1223
350,113443,135291,1266
351,113509,135203,1288
352,113577,135106,1317
353,113714,135027,1259
354,113873,134912,1215
355,114012,134756,1232
356,114028,134700,1272
357,114087,134662,1251
358,114329,134564,1107
359,114619,134284,1097
360,114900,134040,1060
361,115211,133767,1022
362,115592,133461,947
363,116012,133021,967
364,116375,132700,925
365,116840,132257,903
366,117251,131857,892
367,117632,131460,908
368,118133,130953,914
369,118517,130529,954
370,118822,130218,960
371,119272,129820,908
372,119709,129391,900
373,120121,128992,887
374,120645,128522,833
375,121133,128040,827
376,121602,127591,807
377,122035,127168,797
378,122555,126658,787
379,123027,126230,743
380,123560,125703,737
381,124022,125226,752
382,124649,124669,682
383,125262,124088,650
384,125909,123449,642
385,126518,122856,626
386,127116,122257,627
387,127776,121588,636
388,128334,121026,640
389,128959,120379,662
390,129444,119908,648
391,129965,119322,713
392,130419,118807,774
393,130856,118418,726
394,131354,117963,683
395,131826,117511,663
396,132434,116901,665
397,132942,116448,610
398,133539,115838,623
399,134090,115290,620
400,134619,114772,609
401,135207,114207,586
402,135762,113621,617
403,136230,113097,673
404,136646,112669,685
405,137024,112269,707
406,137405,111870,725
407,137752,111511,737
408,138085,111134,781
409,138455,110754,791
410,138703,110491,806
411,138942,110215,843
412,139158,109945,897
413,139408,109675,917
414,139683,109425,892
415,139878,109195,927
416,140087,108966,947
417,140244,108820,936
418,140348,108675,977
419,140479,108533,988
420,140578,108399,1023
421,140624,108347,1029
422,140647,108316,1037
423,140665,108266,1069
424,140677,108259,1064
425,140656,108273,1071
426,140650,108245,1105
427,140561,108286,1153
428,140443,108353,1204
429,140221,108492,1287
430,139899,108734,1367
431,139646,109053,1301
432,139428,109248,1324
433,139210,109438,1352
434,138976,109709,1315
435,138668,109911,1421
436,138419,110177,1404
437,138139,110474,1387
438,137792,110723,1485
439,137484,111115,1401
440,137191,111418,1391
441,136909,111709,1382
442,136572,111940,1488
443,136311,112255,1434
444,136014,112523,1463
445,135584,112824,1592
446,135105,113263,1632
447,134624,113738,1638
448,134023,114262,1715
449,133513,114797,1690
450,132923,115356,1721
451,132237,115959,1804
452,131622,116621,1757
453,130893,117285,1822
454,130222,117928,1850
455,129606,118587,1807
456,128990,119180,1830
457,128438,119814,1748
458,127806,120365,1829
459,127274,120911,1815
460,126611,121537,1852
461,125954,122170,1876
462,125367,122825,1808
463,124702,123489,1809
464,124141,124059,1800
465,123674,124590,1736
466,123178,125097,1725
467,122705,125540,1755
468,122121,126061,1818
469,121697,126556,1747
470,121168,127065,1767
471,120548,127603,1849
472,120014,128194,1792
473,119429,128723,1848
474,118871,129240,1889
475,118225,129818,1957
476,117677,130482,1841
477,117134,131024,1842
478,116601,131541,1858
479,116137,131985,1878
480,115677,132520,1803
481,115202,133051,1747
482,114934,133396,1670
483,114563,133780,1657
484,114325,134106,1569
485,114109,134329,1562
486,114013,134564,1423
487,113892,134664,1444
488,113788,134764,1448
489,113607,134902,1491
490,113589,134989,1422
491,113424,135109,1467
492,113306,135231,1463
493,113131,135353,1516
494,113103,135431,1466
495,113002,135534,1464
496,112900,135655,1445
497,112874,135717,1409
498,112822,135794,1384
499,112714,135890,1396
0,122210,125275,2515
1,118736,126567,4697
2,114818,129974,5208
3,111045,133832,5123
4,107660,137608,4732
5,104824,140969,4207
6,102561,143734,3705
7,100785,145971,3244
8,99334,147750,2916
9,98213,149215,2572
10,97404,150264,2332
11,96829,151121,2050
12,96489,151638,1873
13,96365,151994,1641
14,96514,152050,1436
15,96724,151973,1303
16,97109,151716,1175
17,97564,151424,1012
18,98107,150960,933
19,98879,150268,853
20,99538,149654,808
21,100281,148983,736
22,101101,148209,690
23,101955,147412,633
24,102896,146534,570
25,103800,145657,543
26,104783,144705,512
27,105692,143826,482
28,106661,142899,440
29,107689,141886,425
30,108744,140845,411
31,109782,139823,395
32,110836,138801,363
33,111857,137779,364
34,112887,136792,321
35,113986,135711,303
36,115032,134658,310
37,116080,133605,315
38,117032,132626,342
39,118127,131581,292
40,119121,130598,281
41,120115,129622,263
42,121111,128618,271
43,122125,127631,244
44,123159,126593,248
45,124183,125586,231
46,125246,124518,236
47,126232,123552,216
48,127298,122512,190
49,128294,121519,187
50,129316,120501,183
51,130269,119550,181
52,131247,118570,183
53,132262,117546,192
54,133263,116550,187
55,134195,115625,180
56,135152,114675,173
57,136201,113630,169
58,137141,112658,201
59,138049,111747,204
60,139022,110787,191
61,139891,109901,208
62,140723,109087,190
63,141674,108152,174
64,142549,107258,193
65,143401,106392,207
66,144311,105497,192
67,145249,104569,182
68,146122,103702,176
69,146947,102858,195
70,147736,102059,205
71,148514,101279,207
72,149353,100430,217
73,150223,99581,196
74,151021,98790,189
75,151861,97945,194
76,152690,97122,188
77,153436,96350,214
78,154221,95567,212
79,154970,94802,228
80,155681,94075,244
81,156330,93412,258
82,156971,92764,265
83,157670,92053,277
84,158338,91382,280
85,158980,90701,319
86,159516,90130,354
87,160014,89628,358
88,160592,89046,362
89,161161,88493,346
90,161740,87923,337
91,162305,87366,329
92,162850,86795,355
93,163395,86216,389
94,163895,85729,376
95,164404,85254,342
96,164851,84780,369
97,165336,84277,387
98,165808,83811,381
99,166263,83324,413
100,166613,82935,452
101,166941,82545,514
102,167277,82197,526
103,167584,81915,501
104,167884,81591,525
105,168182,81283,535
106,168389,81049,562
107,168593,80826,581
108,168810,80574,616
109,168961,80406,633
110,169058,80230,712
111,169135,80135,730
112,169185,80061,754
113,169219,80015,766
114,169250,79991,759
115,169234,79949,817
116,169168,80029,803
117,169186,79996,818
118,169095,80025,880
119,168982,80125,893
120,168830,80274,896
121,168683,80379,938
122,168544,80471,985
123,168300,80675,1025
124,167957,80920,1123
125,167623,81240,1137
126,167228,81553,1219
127,166800,81958,1242
128,166289,82429,1282
129,165821,82832,1347
130,165236,83363,1401
131,164603,83929,1468
132,163992,84511,1497
133,163312,85169,1519
134,162522,85849,1629
135,161719,86666,1615
136,161019,87380,1601
137,160253,88109,1638
138,159475,88880,1645
139,158677,89630,1693
140,157776,90435,1789
141,156980,91277,1743
142,156074,92118,1808
143,155052,93042,1906
144,154104,93976,1920
145,153010,94965,2025
146,151951,96067,1982
147,150909,97105,1986
148,149837,98122,2041
149,148662,99195,2143
150,147322,100407,2271
151,146051,101649,2300
152,144690,102916,2394
153,143288,104321,2391
154,141865,105634,2501
155,140400,107091,2509
156,138787,108527,2686
157,137237,110170,2593
158,135588,111684,2728
159,133856,113370,2774
160,132106,115020,2874
161,130391,116745,2864
162,128705,118450,2845
163,127039,120132,2829
164,125488,121773,2739
165,123844,123338,2818
166,122166,124965,2869
167,120478,126635,2887
168,118793,128286,2921
169,117228,129935,2837
170,115658,131408,2934
171,114017,133023,2960
172,112319,134728,2953
173,110823,136323,2854
174,109612,137754,2634
175,108307,139000,2693
176,107050,140282,2668
177,105978,141527,2495
178,104932,142599,2469
179,103925,143630,2445
180,103006,144642,2352
181,102301,145431,2268
182,101538,146335,2127
183,100884,147028,2088
184,100307,147676,2017
185,99855,148176,1969
186,99558,148616,1826
187,99297,148898,1805
188,99108,149224,1668
189,98950,149462,1588
190,98941,149527,1532
191,99000,149572,1428
192,99212,149464,1324
193,99548,149284,1168
194,99916,148953,1131
195,100315,148555,1130
196,100744,148199,1057
197,101272,147753,975
198,101780,147275,945
199,102392,146724,884
200,102990,146167,843
201,103724,145534,742
202,104450,144860,690
203,105151,144141,708
204,105965,143385,650
205,106721,142630,649
206,107484,141881,635
207,108337,141056,607
208,109098,140308,594
209,109891,139514,595
210,110697,138722,581
211,111527,137879,594
212,112379,137052,569
213,113196,136246,558
214,114045,135395,560
215,114901,134571,528
216,115675,133814,511
217,116493,133016,491
218,117274,132259,467
219,118099,131408,493
220,118876,130635,489
221,119673,129864,463
222,120510,128974,516
223,121340,128139,521
224,122090,127396,514
225,122832,126660,508
226,123605,125891,504
227,124341,125142,517
228,125160,124350,490
229,125905,123591,504
230,126644,122840,516
231,127418,122087,495
232,128159,121345,496
233,128886,120647,467
234,129672,119865,463
235,130378,119129,493
236,131125,118358,517
237,131802,117694,504
238,132501,116996,503
239,133057,116379,564
240,133687,115748,565
241,134225,115155,620
242,134811,114629,560
243,135401,114050,549
244,135954,113504,542
245,136526,112919,555
246,137056,112364,580
247,137633,111789,578
248,138202,111251,547
249,138764,110682,554
250,139317,110120,563
251,139948,109545,507
252,140533,108940,527
253,141117,108330,553
254,141631,107825,544
255,142141,107290,569
256,142593,106792,615
257,143045,106288,667
258,143413,105927,660
259,143772,105561,667
260,144173,105146,681
261,144519,104804,677
262,144868,104409,723
263,145205,104077,718
264,145541,103761,698
265,145900,103371,729
266,146277,103019,704
267,146548,102691,761
268,146799,102415,786
269,146991,102213,796
270,147194,101977,829
271,147290,101772,938
272,147448,101685,867
273,147500,101586,914
274,147608,101482,910
275,147699,101360,941
276,147670,101319,1011
277,147610,101329,1061
278,147594,101347,1059
279,147419,101437,1144
280,147278,101553,1169
281,147138,101688,1174
282,147024,101822,1154
283,146874,101919,1207
284,146644,102122,1234
285,146430,102339,1231
286,146268,102524,1208
287,146088,102691,1221
288,145945,102843,1212
289,145744,103021,1235
290,145520,103235,1245
291,145284,103406,1310
292,144961,103720,1319
293,144638,104030,1332
294,144357,104314,1329
295,144105,104560,1335
296,143839,104817,1344
297,143481,105114,1405
298,143116,105457,1427
299,142708,105837,1455
300,142191,106347,1462
301,141739,106739,1522
302,141150,107253,1597
303,140592,107796,1612
304,140048,108298,1654
305,139386,108866,1748
306,138737,109512,1751
307,138100,110150,1750
308,137477,110792,1731
309,136820,111397,1783
310,136004,112102,1894
311,135316,112851,1833
312,134552,113605,1843
313,133824,114306,1870
314,133091,114952,1957
315,132273,115739,1988
316,131549,116540,1911
317,130841,117256,1903
318,130117,117978,1905
319,129425,118735,1840
320,128732,119414,1854
321,128238,120035,1727
322,127706,120530,1764
323,127244,121034,1722
324,126714,121566,1720
325,126172,122088,1740
326,125638,122634,1728
327,125237,123110,1653
328,124885,123542,1573
329,124626,123850,1524
330,124417,124152,1431
331,124214,124361,1425
332,124145,124484,1371
333,123982,124651,1367
334,123890,124733,1377
335,123839,124820,1341
336,123678,124993,1329
337,123589,125047,1364
338,123522,125121,1357
339,123477,125201,1322
340,123400,125269,1331
341,123386,125323,1291
342,123356,125373,1271
343,123372,125418,1210
344,123399,125370,1231
345,123481,125321,1198
346,123654,125274,1072
347,123865,125113,1022
348,124166,124836,998
349,124315,124614,1071
350,124476,124507,1017
351,124745,124260,995
352,124932,124055,1013
353,125229,123833,938
354,125503,123541,956
355,125748,123289,963
356,126026,122966,1008
357,126312,122710,978
358,126506,122503,991
359,126710,122282,1008
360,126936,122040,1024
361,127122,121851,1027
362,127408,121626,966
363,127593,121425,982
364,127845,121182,973
365,128144,120873,983
366,128368,120644,988
367,128640,120402,958
368,128865,120146,989
369,129083,119902,1015
370,129276,119717,1007
371,129475,119499,1026
372,129698,119325,977
373,129868,119115,1017
374,130038,118933,1029
375,130204,118782,1014
376,130342,118597,1061
377,130469,118480,1051
378,130589,118358,1053
379,130763,118216,1021
380,130976,117992,1032
381,131042,117917,1041
382,131186,117811,1003
383,131300,117648,1052
384,131448,117544,1008
385,131629,117393,978
386,131854,117190,956
387,132055,116952,993
388,132283,116790,927
389,132460,116562,978
390,132688,116364,948
391,132832,116196,972
392,132943,116019,1038
393,133134,115873,993
394,133340,115709,951
395,133521,115498,981
396,133704,115316,980
397,133845,115170,985
398,134031,114979,990
399,134221,114800,979
400,134370,114628,1002
401,134586,114458,956
402,134647,114317,1036
403,134805,114237,958
404,134985,114057,958
405,135222,113817,961
406,135371,113630,999
407,135588,113432,980
408,135689,113318,993
409,135884,113148,968
410,136064,112962,974
411,136250,112801,949
412,136472,112586,942
413,136746,112364,890
414,137019,112112,869
415,137276,111862,862
416,137546,111612,842
417,137816,111350,834
418,138096,111093,811
419,138383,110799,818
420,138631,110543,826
421,138874,110278,848
422,139225,110002,773
423,139548,109720,732
424,139990,109307,703
425,140346,108947,707
426,140726,108563,711
427,141050,108208,742
428,141397,107900,703
429,141789,107515,696
430,142228,107030,742
431,142439,106699,862
432,142612,106500,888
433,142736,106329,935
434,142824,106220,956
435,142847,106168,985
436,142999,106039,962
437,143171,105902,927
438,143224,105797,979
439,143301,105741,958
440,143319,105667,1014
441,143358,105608,1034
442,143435,105590,975
443,143529,105475,996
444,143624,105401,975
445,143688,105336,976
446,143707,105270,1023
447,143642,105294,1064
448,143656,105260,1084
449,143606,105322,1072
450,143545,105361,1094
451,143508,105416,1076
452,143571,105417,1012
453,143626,105345,1029
454,143589,105364,1047
455,143615,105302,1083
456,143539,105358,1103
457,143423,105430,1147
458,143319,105519,1162
459,143191,105623,1186
460,143035,105741,1224
461,142853,105929,1218
462,142668,106126,1206
463,142529,106247,1224
464,142279,106401,1320
465,142096,106622,1282
466,141839,106856,1305
467,141630,107047,1323
468,141347,107327,1326
469,141107,107579,1314
470,140801,107858,1341
471,140602,108150,1248
472,140396,108336,1268
473,140132,108552,1316
474,139888,108756,1356
475,139675,108979,1346
476,139432,109249,1319
477,139202,109498,1300
478,138970,109757,1273
479,138780,109963,1257
480,138605,110123,1272
481,138397,110347,1256
482,138209,110525,1266
483,138072,110658,1270
484,138036,110769,1195
485,137972,110854,1174
486,137968,110923,1109
487,137828,110950,1222
488,137764,111060,1176
489,137674,111138,1188
490,137605,111185,1210
491,137551,111195,1254
492,137445,111361,1194
493,137271,111458,1271
494,137091,111616,1293
495,136954,111797,1249
496,136795,111934,1271
497,136668,112073,1259
498,136477,112195,1328
499,136214,112404,1382
0,122506,124955,2539
1,118900,126261,4839
2,114862,129855,5283
3,111082,133798,5120
4,107768,137611,4621
5,104914,140852,4234
6,102425,143747,3828
7,100688,146124,3188
8,99196,147997,2807
9,98106,149380,2514
10,97296,150446,2258
11,96834,151211,1955
12,96634,151655,1711
13,96580,151877,1543
14,96746,151847,1407
15,96961,151718,1321
16,97248,151537,1215
17,97706,151185,1109
18,98247,150801,952
19,98930,150227,843
20,99701,149525,774
21,100463,148801,736
22,101268,148030,702
23,102037,147303,660
24,102927,146497,576
25,103924,145547,529
26,104831,144684,485
27,105804,143741,455
28,106805,142766,429
29,107790,141818,392
30,108840,140795,365
31,109895,139769,336
32,111004,138688,308
33,112134,137613,253
34,113265,136477,258
35,114344,135381,275
36,115459,134280,261
37,116599,133156,245
38,117708,132069,223
39,118792,130984,224
40,119848,129919,233
41,120919,128845,236
42,121986,127798,216
43,123056,126712,232
44,124055,125722,223
45,125102,124688,210
46,126110,123686,204
47,127200,122617,183
48,128184,121622,194
49,129174,120640,186
50,130183,119614,203
51,131260,118519,221
52,132173,117623,204
53,133198,116619,183
54,134181,115628,191
55,135141,114676,183
56,136128,113684,188
57,137107,112710,183
58,138001,111834,165
59,138973,110859,168
60,139853,109981,166
61,140747,109075,178
62,141658,108178,164
63,142520,107303,177
64,143409,106422,169
65,144287,105533,180
66,145206,104617,177
67,146106,103722,172
68,147006,102822,172
69,147840,101957,203
70,148640,101160,200
71,149507,100271,222
72,150297,99489,214
73,151027,98776,197
74,151806,98001,193
75,152516,97284,200
76,153265,96518,217
77,153982,95802,216
78,154773,95020,207
79,155532,94254,214
80,156265,93500,235
81,156993,92766,241
82,157662,92094,244
83,158342,91410,248
84,159012,90740,248
85,159645,90099,256
86,160269,89465,266
87,160888,88826,286
88,161456,88246,298
89,161987,87683,330
90,162554,87125,321
91,163082,86557,361
92,163616,86013,371
93,164127,85522,351
94,164619,85012,369
95,165042,84576,382
96,165538,84056,406
97,165929,83627,444
98,166303,83229,468
99,166691,82813,496
100,167021,82446,533
101,167286,82169,545
102,167508,81933,559
103,167687,81738,575
104,167864,81514,622
105,168035,81306,659
106,168158,81159,683
107,168235,81054,711
108,168338,80934,728
109,168427,80817,756
110,168451,80797,752
111,168512,80722,766
112,168504,80682,814
113,168439,80712,849
114,168334,80777,889
115,168197,80884,919
116,168121,81004,875
117,168019,81070,911
118,167828,81163,1009
119,167631,81362,1007
120,167377,81572,1051
121,167053,81836,1111
122,166805,82063,1132
123,166496,82333,1171
124,166115,82705,1180
125,165731,83050,1219
126,165324,83430,1246
127,164978,83811,1211
128,164613,84196,1191
129,164198,84602,1200
130,163805,84915,1280
131,163322,85364,1314
132,162849,85824,1327
133,162323,86279,1398
134,161740,86806,1454
135,161104,87398,1498
136,160396,88082,1522
137,159705,88702,1593
138,159028,89394,1578
139,158333,90044,1623
140,157639,90732,1629
141,156833,91456,1711
142,156007,92266,1727
143,155179,93056,1765
144,154314,93856,1830
145,153405,94714,1881
146,152468,95606,1926
147,151478,96613,1909
148,150454,97590,1956
149,149525,98570,1905
150,148549,99529,1922
151,147522,100480,1998
152,146485,101488,2027
153,145491,102499,2010
154,144492,103462,2046
155,143527,104458,2015
156,142625,105454,1921
157,141710,106329,1961
158,140824,107172,2004
159,139853,108103,2044
160,138965,109008,2027
161,138070,109910,2020
162,137129,110795,2076
163,136203,111715,2082
164,135352,112652,1996
165,134497,113535,1968
166,133553,114399,2048
167,132635,115328,2037
168,131760,116213,2027
169,130697,117121,2182
170,129748,118145,2107
171,128780,119104,2116
172,127923,120033,2044
173,127125,120878,1997
174,126252,121728,2020
175,125441,122492,2067
176,124637,123314,2049
177,123721,124142,2137
178,122852,125037,2111
179,121938,125956,2106
180,120995,126799,2206
181,120153,127744,2103
182,119296,128552,2152
183,118428,129445,2127
184,117596,130266,2138
185,116829,131099,2072
186,116053,131877,2070
187,115324,132666,2010
188,114737,133352,1911
189,114196,133971,1833
190,113675,134489,1836
191,113193,134992,1815
192,112862,135429,1709
193,112456,135743,1801
194,112014,136224,1762
195,111586,136675,1739
196,111312,137007,1681
197,111058,137303,1639
198,110779,137564,1657
199,110496,137878,1626
200,110245,138107,1648
201,109951,138449,1600
202,109825,138614,1561
203,109645,138817,1538
204,109525,138940,1535
205,109377,139075,1548
206,109368,139181,1451
207,109435,139166,1399
208,109491,139183,1326
209,109597,139124,1279
210,109783,138989,1228
211,110019,138769,1212
212,110239,138585,1176
213,110476,138377,1147
214,110743,138172,1085
215,111134,137860,1006
216,111551,137456,993
217,111947,137095,958
218,112352,136700,948
219,112913,136226,861
220,113485,135702,813
221,114048,135160,792
222,114714,134569,717
223,115406,133949,645
224,116090,133283,627
225,116773,132623,604
226,117472,131961,567
227,118239,131221,540
228,119014,130477,509
229,119800,129671,529
230,120600,128862,538
231,121406,128121,473
232,122194,127328,478
233,122973,126591,436
234,123798,125793,409
235,124698,124918,384
236,125519,124138,343
237,126354,123294,352
238,127250,122459,291
239,128153,121554,293
240,129074,120640,286
241,130072,119656,272
242,131012,118727,261
243,131912,117823,265
244,132842,116880,278
245,133706,115992,302
246,134564,115126,310
247,135410,114294,296
248,136146,113521,333
249,136877,112763,360
250,137696,111969,335
251,138413,111226,361
252,139141,110481,378
253,139902,109709,389
254,140604,109001,395
255,141287,108326,387
256,142018,107590,392
257,142714,106878,408
258,143298,106275,427
259,143947,105624,429
260,144563,104986,451
261,145108,104406,486
262,145620,103897,483
263,146182,103321,497
264,146752,102760,488
265,147323,102192,485
266,147869,101662,469
267,148379,101143,478
268,148932,100599,469
269,149420,100058,522
270,149834,99645,521
271,150354,99108,538
272,150767,98669,564
273,151162,98273,565
274,151558,97880,562
275,151968,97438,594
276,152363,97017,620
277,152649,96674,677
278,152952,96422,626
279,153282,96030,688
280,153522,95792,686
281,153781,95521,698
282,153982,95287,731
283,154145,95084,771
284,154380,94868,752
285,154513,94700,787
286,154630,94586,784
287,154796,94416,788
288,154897,94254,849
289,154991,94124,885
290,155044,94058,898
291,155063,94032,905
292,155098,94012,890
293,155143,93941,916
294,155247,93850,903
295,155224,93807,969
296,155076,93920,1004
297,155012,93993,995
298,154942,94047,1011
299,154856,94131,1013
300,154654,94283,1063
301,154485,94446,1069
302,154362,94584,1054
303,154218,94702,1080
304,154026,94868,1106
305,153889,95048,1063
306,153726,95173,1101
307,153497,95332,1171
308,153317,95481,1202
309,153064,95751,1185
310,152820,95964,1216
311,152440,96290,1270
312,152145,96580,1275
313,151775,96903,1322
314,151478,97245,1277
315,151118,97586,1296
316,150799,97903,1298
317,150446,98252,1302
318,150064,98590,1346
319,149758,98891,1351
320,149342,99249,1409
321,148841,99728,1431
322,148489,100109,1402
323,147987,100582,1431
324,147609,100963,1428
325,147163,101401,1436
326,146760,101810,1430
327,146286,102225,1489
328,145744,102717,1539
329,145239,103209,1552
330,144585,103772,1643
331,143975,104410,1615
332,143429,104992,1579
333,142798,105584,1618
334,142294,106138,1568
335,141681,106708,1611
336,141144,107261,1595
337,140529,107802,1669
338,139980,108355,1665
339,139351,108925,1724
340,138715,109584,1701
341,138128,110207,1665
342,137542,110778,1680
343,136971,111351,1678
344,136344,111922,1734
345,135846,112495,1659
346,135356,113010,1634
347,134806,113477,1717
348,134156,114029,1815
349,133442,114700,1858
350,132781,115384,1835
351,132054,116098,1848
352,131379,116820,1801
353,130751,117443,1806
354,130085,118079,1836
355,129459,118703,1838
356,128917,119330,1753
357,128327,119916,1757
358,127857,120414,1729
359,127334,120922,1744
360,126742,121473,1785
361,126205,122072,1723
362,125668,122586,1746
363,125198,123112,1690
364,124654,123589,1757
365,124123,124119,1758
366,123606,124682,1712
367,123280,125097,1623
368,122790,125476,1734
369,122293,125992,1715
370,121846,126431,1723
371,121374,126918,1708
372,120933,127421,1646
373,120588,127785,1627
374,120278,128097,1625
375,119985,128448,1567
376,119632,128752,1616
377,119314,129110,1576
378,119031,129312,1657
379,118682,129688,1630
380,118355,130025,1620
381,117961,130346,1693
382,117610,130691,1699
383,117275,131078,1647
384,116910,131419,1671
385,116562,131839,1599
386,116183,132172,1645
387,115855,132499,1646
388,115554,132790,1656
389,115249,133096,1655
390,114935,133434,1631
391,114707,133698,1595
392,114412,133962,1626
393,114184,134240,1576
394,113940,134516,1544
395,113831,134686,1483
396,113820,134793,1387
397,113880,134762,1358
398,113957,134763,1280
399,114087,134656,1257
400,114107,134588,1305
401,114242,134516,1242
402,114242,134461,1297
403,114404,134400,1196
404,114597,134180,1223
405,114708,134086,1206
406,114754,134010,1236
407,114990,133929,1081
408,115278,133616,1106
409,115654,133353,993
410,116044,132999,957
411,116450,132635,915
412,116839,132244,917
413,117367,131813,820
414,117752,131400,848
415,118201,130980,819
416,118828,130470,702
417,119518,129823,659
418,120199,129169,632
419,120802,128542,656
420,121514,127884,602
421,122128,127249,623
422,122769,126615,616
423,123444,125931,625
424,124078,125313,609
425,124700,124694,606
426,125405,124008,587
427,126004,123371,625
428,126578,122797,625
429,127143,122228,629
430,127716,121642,642
431,128276,121084,640
432,128860,120487,653
433,129419,119911,670
434,129902,119443,655
435,130527,118841,632
436,131077,118286,637
437,131570,117804,626
438,132115,117246,639
439,132506,116800,694
440,133039,116260,701
441,133553,115773,674
442,134068,115253,679
443,134586,114716,698
444,135035,114254,711
445,135465,113801,734
446,135799,113452,749
447,136093,113120,787
448,136497,112748,755
449,136885,112367,748
450,137289,111957,754
451,137691,111583,726
452,138046,111163,791
453,138353,110815,832
454,138608,110582,810
455,138952,110290,758
456,139359,109905,736
457,139671,109550,779
458,139946,109239,815
459,140204,108946,850
460,140334,108762,904
461,140508,108595,897
462,140716,108390,894
463,140773,108236,991
464,140853,108146,1001
465,140974,108037,989
466,141058,107921,1021
467,141116,107891,993
468,141139,107798,1063
469,141133,107802,1065
470,141104,107788,1108
471,141101,107764,1135
472,141137,107752,1111
473,141016,107840,1144
474,141012,107893,1095
475,141018,107893,1089
476,141024,107896,1080
477,141010,107873,1117
478,141055,107851,1094
479,141001,107892,1107
480,140863,107954,1183
481,140758,108084,1158
482,140690,108148,1162
483,140649,108226,1125
484,140555,108279,1166
485,140428,108359,1213
486,140295,108454,1251
487,140123,108575,1302
488,139924,108776,1300
489,139733,108948,1319
490,139501,109147,1352
491,139291,109377,1332
492,138981,109578,1441
493,138565,109963,1472
494,138241,110307,1452
495,137882,110707,1411
496,137549,111054,1397
497,137281,111299,1420
498,137005,111582,1413
499,136821,111843,1336
0,489621,500347,10032
1,475644,505328,19028
2,460298,519340,20362
3,445908,534455,19637
4,433434,548612,17954
5,422650,561171,16179
6,413763,571713,14524
7,406768,580423,12809
8,401020,587501,11479
9,396828,593070,10102
10,393726,597241,9033
11,391628,600289,8083
12,390596,602266,7138
13,390139,603444,6417
14,390426,603788,5786
15,391192,603635,5173
16,392461,602844,4695
17,394312,601524,4164
18,396471,599596,3933
19,398820,597596,3584
20,401634,595093,3273
21,404813,592240,2947
22,408029,589247,2724
23,411463,586025,2512
24,414856,582773,2371
25,418394,579355,2251
26,422300,575720,1980
27,426241,571931,1828
28,430204,568014,1782
29,434233,564134,1633
30,438323,560110,1567
31,442458,556105,1437
32,446639,551990,1371
33,450854,547865,1281
34,455222,543544,1234
35,459480,539373,1147
36,463670,535206,1124
37,467903,531000,1097
38,472312,526671,1017
39,476632,522383,985
40,480786,518241,973
41,484938,514106,956
42,489089,509971,940
43,493296,505804,900
44,497378,501767,855
45,501605,497548,847
46,505781,493350,869
47,509855,489313,832
48,514041,485134,825
49,518027,481177,796
50,521963,477245,792
51,525967,473235,798
52,529902,469315,783
53,533823,465378,799
54,537799,461356,845
55,541714,457465,821
56,545393,453803,804
57,549208,450017,775
58,552933,446233,834
59,556610,442589,801
60,560337,438838,825
61,563960,435219,821
62,567617,431598,785
63,571063,428097,840
64,574557,424577,866
65,577897,421244,859
66,581251,417879,870
67,584617,414534,849
68,587914,411237,849
69,591146,407963,891
70,594278,404799,923
71,597433,401650,917
72,600582,398499,919
73,603614,395407,979
74,606561,392381,1058
75,609491,389451,1058
76,612286,386639,1075
77,615102,383850,1048
78,617822,381112,1066
79,620535,378339,1126
80,623105,375704,1191
81,625700,373122,1178
82,628133,370650,1217
83,630662,368153,1185
84,633044,365688,1268
85,635327,363382,1291
86,637731,360973,1296
87,639920,358696,1384
88,642098,356515,1387
89,644256,354283,1461
90,646269,352203,1528
91,648414,350116,1470
92,650451,348036,1513
93,652459,346066,1475
94,654270,344188,1542
95,656152,342174,1674
96,657801,340448,1751
97,659378,338860,1762
98,660983,337118,1899
99,662460,335598,1942
100,663775,334230,1995
101,665064,332877,2059
102,666288,331577,2135
103,667333,330484,2183
104,668262,329395,2343
105,669066,328471,2463
106,669915,327631,2454
107,670641,326804,2555
108,671176,326108,2716
109,671667,325533,2800
110,672015,325023,2962
111,672217,324746,3037
112,672286,324521,3193
113,672206,324523,3271
114,672123,324531,3346
115,671824,324615,3561
116,671482,324939,3579
117,671052,325256,3692
118,670373,325758,3869
119,669690,326306,4004
120,668800,327064,4136
121,667742,327942,4316
122,666524,328959,4517
123,665308,330112,4580
124,663942,331354,4704
125,662342,332790,4868
126,660709,334336,4955
127,659104,335925,4971
128,657384,337500,5116
129,655543,339227,5230
130,653536,341085,5379
131,651436,342990,5574
132,649083,345146,5771
133,646631,347509,5860
134,644166,349874,5960
135,641616,352310,6074
136,638958,354796,6246
137,636156,357507,6337
138,633278,360252,6470
139,630359,363175,6466
140,627190,366042,6768
141,623791,369189,7020
142,620441,372552,7007
143,617102,375824,7074
144,613771,379086,7143
145,610284,382440,7276
146,606639,385843,7518
147,602773,389488,7739
148,598747,393330,7923
149,594670,397349,7981
150,590561,401412,8027
151,586462,405388,8150
152,582392,409517,8091
153,578266,413511,8223
154,573982,417647,8371
155,569794,421755,8451
156,565281,426086,8633
157,560764,430413,8823
158,556325,434877,8798
159,551921,439325,8754
160,547705,443705,8590
161,543424,447943,8633
162,539412,452090,8498
163,535112,456193,8695
164,531229,460236,8535
165,527319,464044,8637
166,523179,468077,8744
167,519318,472065,8617
168,515383,476088,8529
169,511511,479988,8501
170,507944,483611,8445
171,504564,487207,8229
172,501266,490559,8175
173,498072,493902,8026
174,495015,497033,7952
175,491881,500029,8090
176,489111,502997,7892
177,486230,506011,7759
178,483582,508708,7710
179,481048,511323,7629
180,478661,513884,7455
181,476673,516122,7205
182,474590,518195,7215
183,472798,520158,7044
184,470859,522071,7070
185,469230,523768,7002
186,467591,525491,6918
187,466010,527218,6772
188,464569,528724,6707
189,463225,530260,6515
190,462079,531407,6514
191,461144,532666,6190
192,460360,533569,6071
193,459763,534235,6002
194,459276,534808,5916
195,458969,535396,5635
196,458826,535679,5495
197,458603,535858,5539
198,458441,536017,5542
199,458414,536247,5339
200,458443,536320,5237
201,458722,536206,5072
202,459057,535896,5047
203,459519,535615,4866
204,460151,535082,4767
205,460747,534646,4607
206,461524,533928,4548
207,462467,533157,4376
208,463526,532338,4136
209,464820,531045,4135
210,466091,529932,3977
211,467527,528474,3999
212,468940,527171,3889
213,470548,525665,3787
214,472183,524152,3665
215,473634,522573,3793
216,475235,521020,3745
217,476723,519603,3674
218,478340,518086,3574
219,480083,516451,3466
220,481934,514815,3251
221,483883,513035,3082
222,485979,510986,3035
223,488080,508958,2962
224,490151,506817,3032
225,492327,504695,2978
226,494557,502586,2857
227,496787,500404,2809
228,499005,498282,2713
229,501387,496012,2601
230,503909,493580,2511
231,506398,491087,2515
232,508831,488669,2500
233,511418,486165,2417
234,514014,483704,2282
235,516508,481293,2199
236,519154,478730,2116
237,521666,476161,2173
238,524228,473620,2152
239,526883,471034,2083
240,529501,468417,2082
241,532195,465784,2021
242,534808,463183,2009
243,537515,460522,1963
244,540279,457774,1947
245,542877,455152,1971
246,545427,452546,2027
247,547982,450002,2016
248,550363,447579,2058
249,552694,445245,2061
250,554975,442873,2152
251,557397,440493,2110
252,559639,438176,2185
253,561820,435927,2253
254,563899,433824,2277
255,565877,431810,2313
256,567774,429789,2437
257,569575,427996,2429
258,571417,426168,2415
259,573147,424369,2484
260,574832,422621,2547
261,576396,420999,2605
262,578128,419287,2585
263,579759,417675,2566
264,581331,416108,2561
265,583004,414407,2589
266,584383,412948,2669
267,585662,411588,2750
268,587082,410212,2706
269,588327,408879,2794
270,589657,407538,2805
271,590908,406236,2856
272,591915,405056,3029
273,592865,404043,3092
274,593817,403005,3178
275,594692,402196,3112
276,595459,401340,3201
277,596107,400666,3227
278,596749,399907,3344
279,597355,399215,3430
280,597998,398610,3392
281,598525,398028,3447
282,598979,397502,3519
283,599295,397086,3619
284,599710,396695,3595
285,600003,396298,3699
286,600181,396029,3790
287,600423,395759,3818
288,600412,395673,3915
289,600336,395631,4033
290,600216,395737,4047
291,599990,395836,4174
292,599704,396061,4235
293,599339,396336,4325
294,598979,396679,4342
295,598424,397119,4457
296,597805,397657,4538
297,597087,398228,4685
298,596350,398935,4715
299,595535,399592,4873
300,594564,400496,4940
301,593669,401392,4939
302,592826,402255,4919
303,591934,403134,4932
304,590985,404064,4951
305,590201,404838,4961
306,589335,405722,4943
307,588415,406541,5044
308,587592,407472,4936
309,586794,408310,4896
310,585831,409158,5011
311,584821,410045,5134
312,583741,411142,5117
313,582659,412230,5111
314,581471,413255,5274
315,580316,414422,5262
316,579124,415511,5365
317,577946,416665,5389
318,576653,417932,5415
319,575396,419137,5467
320,574234,420326,5440
321,572895,421625,5480
322,571691,422766,5543
323,570547,423978,5475
324,569282,425202,5516
325,568155,426420,5425
326,566880,427637,5483
327,565693,428755,5552
328,564452,430036,5512
329,563123,431220,5657
330,561770,432520,5710
331,560495,433910,5595
332,559104,435172,5724
333,557848,436528,5624
334,556673,437800,5527
335,555405,438950,5645
336,554205,440172,5623
337,552962,441358,5680
338,551666,442659,5675
339,550518,443814,5668
340,549278,445110,5612
341,548274,446207,5519
342,547230,447232,5538
343,545862,448370,5768
344,544670,449634,5696
345,543539,450896,5565
346,542376,451921,5703
347,541161,453210,5629
348,539936,454389,5675
349,538588,455536,5876
350,537510,456728,5762
351,536250,457921,5829
352,535106,459138,5756
353,534114,460258,5628
354,533029,461276,5695
355,531987,462338,5675
356,530949,463375,5676
357,529942,464397,5661
358,529068,465346,5586
359,528061,466385,5554
360,527241,467292,5467
361,526316,468076,5608
362,525519,469013,5468
363,524808,469765,5427
364,524152,470477,5371
365,523446,471159,5395
366,522714,471895,5391
367,522062,472521,5417
368,521310,473175,5515
369,520549,473977,5474
370,519652,474695,5653
371,518720,475577,5703
372,517958,476512,5530
373,517148,477329,5523
374,516441,478078,5481
375,515856,478766,5378
376,515136,479435,5429
377,514438,480001,5561
378,513727,480652,5621
379,512881,481474,5645
380,512162,482272,5566
381,511446,483018,5536
382,510941,483694,5365
383,510359,484301,5340
384,509856,484894,5250
385,509500,485228,5272
386,509154,485691,5155
387,509004,485952,5044
388,509011,486103,4886
389,508861,486187,4952
390,508828,486333,4839
391,508824,486393,4783
392,509063,486240,4697
393,509300,486032,4668
394,509575,485726,4699
395,509892,485460,4648
396,509958,485350,4692
397,510419,485085,4496
398,510696,484702,4602
399,510957,484537,4506
400,511158,484222,4620
401,511455,484054,4491
402,511761,483766,4473
403,512141,483443,4416
404,512572,483018,4410
405,512991,482699,4310
406,513407,482188,4405
407,513877,481689,4434
408,514348,481288,4364
409,514766,480894,4340
410,515317,480320,4363
411,515760,479933,4307
412,516069,479534,4397
413,516386,479282,4332
414,516727,478926,4347
415,517146,478514,4340
416,517550,478093,4357
417,517845,477746,4409
418,518390,477273,4337
419,518907,476849,4244
420,519361,476347,4292
421,520014,475777,4209
422,520503,475188,4309
423,521035,474694,4271
424,521428,474200,4372
425,521865,473770,4365
426,522102,473454,4444
427,522287,473278,4435
428,522700,472898,4402
429,522983,472661,4356
430,523420,472284,4296
431,523791,471861,4348
432,524137,471458,4405
433,524303,471237,4460
434,524671,470894,4435
435,525042,470593,4365
436,525301,470343,4356
437,525738,469926,4336
438,526003,469579,4418
439,526440,469228,4332
440,526697,468840,4463
441,527046,468540,4414
442,527130,468443,4427
443,527416,468205,4379
444,527824,467758,4418
445,528246,467412,4342
446,528586,467088,4326
447,528955,466656,4389
448,529395,466233,4372
449,529672,465911,4417
450,529863,465585,4552
451,529982,465498,4520
452,530266,465245,4489
453,530506,465031,4463
454,530708,464878,4414
455,530999,464484,4517
456,531234,464261,4505
457,531463,464095,4442
458,531410,463999,4591
459,531504,463940,4556
460,531706,463757,4537
461,531717,463737,4546
462,531798,463652,4550
463,531792,463630,4578
464,531813,463560,4627
465,531944,463395,4661
466,531922,463352,4726
467,531963,463335,4702
468,531912,463400,4688
469,531746,463478,4776
470,531530,463667,4803
471,531299,463843,4858
472,531169,464052,4779
473,531030,464191,4779
474,530892,464313,4795
475,530751,464383,4866
476,530557,464595,4848
477,530355,464723,4922
478,530062,464996,4942
479,529835,465227,4938
480,529515,465547,4938
481,529259,465716,5025
482,528763,466087,5150
483,528164,466607,5229
484,527523,467212,5265
485,526964,467770,5266
486,526331,468433,5236
487,525685,469056,5259
488,524800,469727,5473
489,524310,470465,5225
490,523605,470974,5421
491,522893,471618,5489
492,522160,472387,5453
493,521539,473054,5407
494,520809,473758,5433
495,520056,474371,5573
496,519152,475302,5546
497,518238,476185,5577
498,517302,477074,5624
499,516535,477940,5525
0,490658,499329,10013
1,476801,504398,18801
2,461588,518108,20304
3,446930,533194,19876
4,434120,547766,18114
5,423289,560385,16326
6,414332,571173,14495
7,407051,580074,12875
8,401447,587136,11417
9,397183,592775,10042
10,394374,596762,8864
11,392479,599711,7810
12,391453,601530,7017
13,391305,602479,6216
14,391742,602533,5725
15,392691,602143,5166
16,394093,601289,4618
17,396027,599806,4167
18,398397,597820,3783
19,400794,595717,3489
20,403670,593199,3131
21,406840,590276,2884
22,410061,587286,2653
23,413621,583898,2481
24,417100,580553,2347
25,420798,577025,2177
